TIME,GEO,CITIZEN,SEX,AGE,ASYL_APP,UNIT,Value
2015M01,European Union (28 countries),Extra EU-28,Total,Total,Asylum applicant,Person,66110.00
2015M01,European Union (28 countries),Extra EU-28,Total,Total,First time applicant,Person,60215.00
2015M01,European Union (28 countries),Syria,Total,Total,Asylum applicant,Person,11390.00
2015M01,European Union (28 countries),Syria,Total,Total,First time applicant,Person,11110.00
2015M01,Belgium,Extra EU-28,Total,Total,Asylum applicant,Person,1715.00
2015M01,Belgium,Extra EU-28,Total,Total,First time applicant,Person,1210.00
2015M01,Belgium,Syria,Total,Total,Asylum applicant,Person,275.00
2015M01,Belgium,Syria,Total,Total,First time applicant,Person,265.00
2015M01,Bulgaria,Extra EU-28,Total,Total,Asylum applicant,Person,1070.00
2015M01,Bulgaria,Extra EU-28,Total,Total,First time applicant,Person,1055.00
2015M01,Bulgaria,Syria,Total,Total,Asylum applicant,Person,595.00
2015M01,Bulgaria,Syria,Total,Total,First time applicant,Person,590.00
2015M01,Czech Republic,Extra EU-28,Total,Total,Asylum applicant,Person,125.00
2015M01,Czech Republic,Extra EU-28,Total,Total,First time applicant,Person,95.00
2015M01,Czech Republic,Syria,Total,Total,Asylum applicant,Person,5.00
2015M01,Czech Republic,Syria,Total,Total,First time applicant,Person,5.00
2015M01,Denmark,Extra EU-28,Total,Total,Asylum applicant,Person,640.00
2015M01,Denmark,Extra EU-28,Total,Total,First time applicant,Person,630.00
2015M01,Denmark,Syria,Total,Total,Asylum applicant,Person,315.00
2015M01,Denmark,Syria,Total,Total,First time applicant,Person,315.00
2015M01,Germany (until 1990 former territory of the FRG),Extra EU-28,Total,Total,Asylum applicant,Person,25030.00
2015M01,Germany (until 1990 former territory of the FRG),Extra EU-28,Total,Total,First time applicant,Person,21675.00
2015M01,Germany (until 1990 former territory of the FRG),Syria,Total,Total,Asylum applicant,Person,5530.00
2015M01,Germany (until 1990 former territory of the FRG),Syria,Total,Total,First time applicant,Person,5340.00
2015M01,Estonia,Extra EU-28,Total,Total,Asylum applicant,Person,5.00
2015M01,Estonia,Extra EU-28,Total,Total,First time applicant,Person,5.00
2015M01,Estonia,Syria,Total,Total,Asylum applicant,Person,0.00
2015M01,Estonia,Syria,Total,Total,First time applicant,Person,0.00
2015M01,Ireland,Extra EU-28,Total,Total,Asylum applicant,Person,215.00
2015M01,Ireland,Extra EU-28,Total,Total,First time applicant,Person,215.00
2015M01,Ireland,Syria,Total,Total,Asylum applicant,Person,0.00
2015M01,Ireland,Syria,Total,Total,First time applicant,Person,0.00
2015M01,Greece,Extra EU-28,Total,Total,Asylum applicant,Person,1065.00
2015M01,Greece,Extra EU-28,Total,Total,First time applicant,Person,925.00
2015M01,Greece,Syria,Total,Total,Asylum applicant,Person,235.00
2015M01,Greece,Syria,Total,Total,First time applicant,Person,235.00
2015M01,Spain,Extra EU-28,Total,Total,Asylum applicant,Person,840.00
2015M01,Spain,Extra EU-28,Total,Total,First time applicant,Person,835.00
2015M01,Spain,Syria,Total,Total,Asylum applicant,Person,430.00
2015M01,Spain,Syria,Total,Total,First time applicant,Person,430.00
2015M01,France,Extra EU-28,Total,Total,Asylum applicant,Person,4440.00
2015M01,France,Extra EU-28,Total,Total,First time applicant,Person,4025.00
2015M01,France,Syria,Total,Total,Asylum applicant,Person,160.00
2015M01,France,Syria,Total,Total,First time applicant,Person,160.00
2015M01,Croatia,Extra EU-28,Total,Total,Asylum applicant,Person,25.00
2015M01,Croatia,Extra EU-28,Total,Total,First time applicant,Person,10.00
2015M01,Croatia,Syria,Total,Total,Asylum applicant,Person,5.00
2015M01,Croatia,Syria,Total,Total,First time applicant,Person,5.00
2015M01,Italy,Extra EU-28,Total,Total,Asylum applicant,Person,4785.00
2015M01,Italy,Extra EU-28,Total,Total,First time applicant,Person,4740.00
2015M01,Italy,Syria,Total,Total,Asylum applicant,Person,30.00
2015M01,Italy,Syria,Total,Total,First time applicant,Person,30.00
2015M01,Cyprus,Extra EU-28,Total,Total,Asylum applicant,Person,165.00
2015M01,Cyprus,Extra EU-28,Total,Total,First time applicant,Person,155.00
2015M01,Cyprus,Syria,Total,Total,Asylum applicant,Person,85.00
2015M01,Cyprus,Syria,Total,Total,First time applicant,Person,70.00
2015M01,Latvia,Extra EU-28,Total,Total,Asylum applicant,Person,15.00
2015M01,Latvia,Extra EU-28,Total,Total,First time applicant,Person,15.00
2015M01,Latvia,Syria,Total,Total,Asylum applicant,Person,0.00
2015M01,Latvia,Syria,Total,Total,First time applicant,Person,0.00
2015M01,Lithuania,Extra EU-28,Total,Total,Asylum applicant,Person,30.00
2015M01,Lithuania,Extra EU-28,Total,Total,First time applicant,Person,15.00
2015M01,Lithuania,Syria,Total,Total,Asylum applicant,Person,5.00
2015M01,Lithuania,Syria,Total,Total,First time applicant,Person,0.00
2015M01,Luxembourg,Extra EU-28,Total,Total,Asylum applicant,Person,90.00
2015M01,Luxembourg,Extra EU-28,Total,Total,First time applicant,Person,85.00
2015M01,Luxembourg,Syria,Total,Total,Asylum applicant,Person,0.00
2015M01,Luxembourg,Syria,Total,Total,First time applicant,Person,0.00
2015M01,Hungary,Extra EU-28,Total,Total,Asylum applicant,Person,11925.00
2015M01,Hungary,Extra EU-28,Total,Total,First time applicant,Person,11655.00
2015M01,Hungary,Syria,Total,Total,Asylum applicant,Person,555.00
2015M01,Hungary,Syria,Total,Total,First time applicant,Person,535.00
2015M01,Malta,Extra EU-28,Total,Total,Asylum applicant,Person,95.00
2015M01,Malta,Extra EU-28,Total,Total,First time applicant,Person,65.00
2015M01,Malta,Syria,Total,Total,Asylum applicant,Person,20.00
2015M01,Malta,Syria,Total,Total,First time applicant,Person,15.00
2015M01,Netherlands,Extra EU-28,Total,Total,Asylum applicant,Person,1050.00
2015M01,Netherlands,Extra EU-28,Total,Total,First time applicant,Person,885.00
2015M01,Netherlands,Syria,Total,Total,Asylum applicant,Person,320.00
2015M01,Netherlands,Syria,Total,Total,First time applicant,Person,315.00
2015M01,Austria,Extra EU-28,Total,Total,Asylum applicant,Person,4030.00
2015M01,Austria,Extra EU-28,Total,Total,First time applicant,Person,3875.00
2015M01,Austria,Syria,Total,Total,Asylum applicant,Person,910.00
2015M01,Austria,Syria,Total,Total,First time applicant,Person,905.00
2015M01,Poland,Extra EU-28,Total,Total,Asylum applicant,Person,610.00
2015M01,Poland,Extra EU-28,Total,Total,First time applicant,Person,485.00
2015M01,Poland,Syria,Total,Total,Asylum applicant,Person,10.00
2015M01,Poland,Syria,Total,Total,First time applicant,Person,10.00
2015M01,Portugal,Extra EU-28,Total,Total,Asylum applicant,Person,40.00
2015M01,Portugal,Extra EU-28,Total,Total,First time applicant,Person,40.00
2015M01,Portugal,Syria,Total,Total,Asylum applicant,Person,0.00
2015M01,Portugal,Syria,Total,Total,First time applicant,Person,0.00
2015M01,Romania,Extra EU-28,Total,Total,Asylum applicant,Person,105.00
2015M01,Romania,Extra EU-28,Total,Total,First time applicant,Person,100.00
2015M01,Romania,Syria,Total,Total,Asylum applicant,Person,60.00
2015M01,Romania,Syria,Total,Total,First time applicant,Person,60.00
2015M01,Slovenia,Extra EU-28,Total,Total,Asylum applicant,Person,15.00
2015M01,Slovenia,Extra EU-28,Total,Total,First time applicant,Person,15.00
2015M01,Slovenia,Syria,Total,Total,Asylum applicant,Person,0.00
2015M01,Slovenia,Syria,Total,Total,First time applicant,Person,0.00
2015M01,Slovakia,Extra EU-28,Total,Total,Asylum applicant,Person,15.00
2015M01,Slovakia,Extra EU-28,Total,Total,First time applicant,Person,15.00
2015M01,Slovakia,Syria,Total,Total,Asylum applicant,Person,0.00
2015M01,Slovakia,Syria,Total,Total,First time applicant,Person,0.00
2015M01,Finland,Extra EU-28,Total,Total,Asylum applicant,Person,305.00
2015M01,Finland,Extra EU-28,Total,Total,First time applicant,Person,305.00
2015M01,Finland,Syria,Total,Total,Asylum applicant,Person,15.00
2015M01,Finland,Syria,Total,Total,First time applicant,Person,15.00
2015M01,Sweden,Extra EU-28,Total,Total,Asylum applicant,Person,4890.00
2015M01,Sweden,Extra EU-28,Total,Total,First time applicant,Person,4340.00
2015M01,Sweden,Syria,Total,Total,Asylum applicant,Person,1570.00
2015M01,Sweden,Syria,Total,Total,First time applicant,Person,1545.00
2015M01,United Kingdom,Extra EU-28,Total,Total,Asylum applicant,Person,2770.00
2015M01,United Kingdom,Extra EU-28,Total,Total,First time applicant,Person,2740.00
2015M01,United Kingdom,Syria,Total,Total,Asylum applicant,Person,260.00
2015M01,United Kingdom,Syria,Total,Total,First time applicant,Person,260.00
2015M01,Iceland,Extra EU-28,Total,Total,Asylum applicant,Person,15.00
2015M01,Iceland,Extra EU-28,Total,Total,First time applicant,Person,
2015M01,Iceland,Syria,Total,Total,Asylum applicant,Person,0.00
2015M01,Iceland,Syria,Total,Total,First time applicant,Person,
2015M01,Liechtenstein,Extra EU-28,Total,Total,Asylum applicant,Person,5.00
2015M01,Liechtenstein,Extra EU-28,Total,Total,First time applicant,Person,
2015M01,Liechtenstein,Syria,Total,Total,Asylum applicant,Person,0.00
2015M01,Liechtenstein,Syria,Total,Total,First time applicant,Person,
2015M01,Norway,Extra EU-28,Total,Total,Asylum applicant,Person,595.00
2015M01,Norway,Extra EU-28,Total,Total,First time applicant,Person,560.00
2015M01,Norway,Syria,Total,Total,Asylum applicant,Person,115.00
2015M01,Norway,Syria,Total,Total,First time applicant,Person,115.00
2015M01,Switzerland,Extra EU-28,Total,Total,Asylum applicant,Person,1560.00
2015M01,Switzerland,Extra EU-28,Total,Total,First time applicant,Person,1450.00
2015M01,Switzerland,Syria,Total,Total,Asylum applicant,Person,135.00
2015M01,Switzerland,Syria,Total,Total,First time applicant,Person,135.00
2015M01,Total,Extra EU-28,Total,Total,Asylum applicant,Person,68280.00
2015M01,Total,Extra EU-28,Total,Total,First time applicant,Person,62225.00
2015M01,Total,Syria,Total,Total,Asylum applicant,Person,11645.00
2015M01,Total,Syria,Total,Total,First time applicant,Person,11360.00
2015M02,European Union (28 countries),Extra EU-28,Total,Total,Asylum applicant,Person,70960.00
2015M02,European Union (28 countries),Extra EU-28,Total,Total,First time applicant,Person,64865.00
2015M02,European Union (28 countries),Syria,Total,Total,Asylum applicant,Person,8720.00
2015M02,European Union (28 countries),Syria,Total,Total,First time applicant,Person,8400.00
2015M02,Belgium,Extra EU-28,Total,Total,Asylum applicant,Person,1640.00
2015M02,Belgium,Extra EU-28,Total,Total,First time applicant,Person,1070.00
2015M02,Belgium,Syria,Total,Total,Asylum applicant,Person,235.00
2015M02,Belgium,Syria,Total,Total,First time applicant,Person,225.00
2015M02,Bulgaria,Extra EU-28,Total,Total,Asylum applicant,Person,1045.00
2015M02,Bulgaria,Extra EU-28,Total,Total,First time applicant,Person,1025.00
2015M02,Bulgaria,Syria,Total,Total,Asylum applicant,Person,465.00
2015M02,Bulgaria,Syria,Total,Total,First time applicant,Person,460.00
2015M02,Czech Republic,Extra EU-28,Total,Total,Asylum applicant,Person,115.00
2015M02,Czech Republic,Extra EU-28,Total,Total,First time applicant,Person,90.00
2015M02,Czech Republic,Syria,Total,Total,Asylum applicant,Person,5.00
2015M02,Czech Republic,Syria,Total,Total,First time applicant,Person,5.00
2015M02,Denmark,Extra EU-28,Total,Total,Asylum applicant,Person,440.00
2015M02,Denmark,Extra EU-28,Total,Total,First time applicant,Person,425.00
2015M02,Denmark,Syria,Total,Total,Asylum applicant,Person,140.00
2015M02,Denmark,Syria,Total,Total,First time applicant,Person,140.00
2015M02,Germany (until 1990 former territory of the FRG),Extra EU-28,Total,Total,Asylum applicant,Person,26080.00
2015M02,Germany (until 1990 former territory of the FRG),Extra EU-28,Total,Total,First time applicant,Person,22770.00
2015M02,Germany (until 1990 former territory of the FRG),Syria,Total,Total,Asylum applicant,Person,4235.00
2015M02,Germany (until 1990 former territory of the FRG),Syria,Total,Total,First time applicant,Person,4025.00
2015M02,Estonia,Extra EU-28,Total,Total,Asylum applicant,Person,15.00
2015M02,Estonia,Extra EU-28,Total,Total,First time applicant,Person,15.00
2015M02,Estonia,Syria,Total,Total,Asylum applicant,Person,0.00
2015M02,Estonia,Syria,Total,Total,First time applicant,Person,0.00
2015M02,Ireland,Extra EU-28,Total,Total,Asylum applicant,Person,200.00
2015M02,Ireland,Extra EU-28,Total,Total,First time applicant,Person,200.00
2015M02,Ireland,Syria,Total,Total,Asylum applicant,Person,0.00
2015M02,Ireland,Syria,Total,Total,First time applicant,Person,0.00
2015M02,Greece,Extra EU-28,Total,Total,Asylum applicant,Person,1015.00
2015M02,Greece,Extra EU-28,Total,Total,First time applicant,Person,895.00
2015M02,Greece,Syria,Total,Total,Asylum applicant,Person,240.00
2015M02,Greece,Syria,Total,Total,First time applicant,Person,225.00
2015M02,Spain,Extra EU-28,Total,Total,Asylum applicant,Person,860.00
2015M02,Spain,Extra EU-28,Total,Total,First time applicant,Person,850.00
2015M02,Spain,Syria,Total,Total,Asylum applicant,Person,330.00
2015M02,Spain,Syria,Total,Total,First time applicant,Person,330.00
2015M02,France,Extra EU-28,Total,Total,Asylum applicant,Person,5630.00
2015M02,France,Extra EU-28,Total,Total,First time applicant,Person,5135.00
2015M02,France,Syria,Total,Total,Asylum applicant,Person,300.00
2015M02,France,Syria,Total,Total,First time applicant,Person,300.00
2015M02,Croatia,Extra EU-28,Total,Total,Asylum applicant,Person,25.00
2015M02,Croatia,Extra EU-28,Total,Total,First time applicant,Person,15.00
2015M02,Croatia,Syria,Total,Total,Asylum applicant,Person,5.00
2015M02,Croatia,Syria,Total,Total,First time applicant,Person,5.00
2015M02,Italy,Extra EU-28,Total,Total,Asylum applicant,Person,5140.00
2015M02,Italy,Extra EU-28,Total,Total,First time applicant,Person,5075.00
2015M02,Italy,Syria,Total,Total,Asylum applicant,Person,25.00
2015M02,Italy,Syria,Total,Total,First time applicant,Person,25.00
2015M02,Cyprus,Extra EU-28,Total,Total,Asylum applicant,Person,140.00
2015M02,Cyprus,Extra EU-28,Total,Total,First time applicant,Person,125.00
2015M02,Cyprus,Syria,Total,Total,Asylum applicant,Person,55.00
2015M02,Cyprus,Syria,Total,Total,First time applicant,Person,45.00
2015M02,Latvia,Extra EU-28,Total,Total,Asylum applicant,Person,15.00
2015M02,Latvia,Extra EU-28,Total,Total,First time applicant,Person,15.00
2015M02,Latvia,Syria,Total,Total,Asylum applicant,Person,0.00
2015M02,Latvia,Syria,Total,Total,First time applicant,Person,0.00
2015M02,Lithuania,Extra EU-28,Total,Total,Asylum applicant,Person,30.00
2015M02,Lithuania,Extra EU-28,Total,Total,First time applicant,Person,25.00
2015M02,Lithuania,Syria,Total,Total,Asylum applicant,Person,0.00
2015M02,Lithuania,Syria,Total,Total,First time applicant,Person,0.00
2015M02,Luxembourg,Extra EU-28,Total,Total,Asylum applicant,Person,95.00
2015M02,Luxembourg,Extra EU-28,Total,Total,First time applicant,Person,95.00
2015M02,Luxembourg,Syria,Total,Total,Asylum applicant,Person,5.00
2015M02,Luxembourg,Syria,Total,Total,First time applicant,Person,5.00
2015M02,Hungary,Extra EU-28,Total,Total,Asylum applicant,Person,16695.00
2015M02,Hungary,Extra EU-28,Total,Total,First time applicant,Person,16405.00
2015M02,Hungary,Syria,Total,Total,Asylum applicant,Person,625.00
2015M02,Hungary,Syria,Total,Total,First time applicant,Person,615.00
2015M02,Malta,Extra EU-28,Total,Total,Asylum applicant,Person,170.00
2015M02,Malta,Extra EU-28,Total,Total,First time applicant,Person,160.00
2015M02,Malta,Syria,Total,Total,Asylum applicant,Person,10.00
2015M02,Malta,Syria,Total,Total,First time applicant,Person,10.00
2015M02,Netherlands,Extra EU-28,Total,Total,Asylum applicant,Person,970.00
2015M02,Netherlands,Extra EU-28,Total,Total,First time applicant,Person,740.00
2015M02,Netherlands,Syria,Total,Total,Asylum applicant,Person,195.00
2015M02,Netherlands,Syria,Total,Total,First time applicant,Person,190.00
2015M02,Austria,Extra EU-28,Total,Total,Asylum applicant,Person,3255.00
2015M02,Austria,Extra EU-28,Total,Total,First time applicant,Person,3060.00
2015M02,Austria,Syria,Total,Total,Asylum applicant,Person,670.00
2015M02,Austria,Syria,Total,Total,First time applicant,Person,660.00
2015M02,Poland,Extra EU-28,Total,Total,Asylum applicant,Person,600.00
2015M02,Poland,Extra EU-28,Total,Total,First time applicant,Person,470.00
2015M02,Poland,Syria,Total,Total,Asylum applicant,Person,5.00
2015M02,Poland,Syria,Total,Total,First time applicant,Person,5.00
2015M02,Portugal,Extra EU-28,Total,Total,Asylum applicant,Person,80.00
2015M02,Portugal,Extra EU-28,Total,Total,First time applicant,Person,80.00
2015M02,Portugal,Syria,Total,Total,Asylum applicant,Person,0.00
2015M02,Portugal,Syria,Total,Total,First time applicant,Person,0.00
2015M02,Romania,Extra EU-28,Total,Total,Asylum applicant,Person,80.00
2015M02,Romania,Extra EU-28,Total,Total,First time applicant,Person,75.00
2015M02,Romania,Syria,Total,Total,Asylum applicant,Person,30.00
2015M02,Romania,Syria,Total,Total,First time applicant,Person,30.00
2015M02,Slovenia,Extra EU-28,Total,Total,Asylum applicant,Person,15.00
2015M02,Slovenia,Extra EU-28,Total,Total,First time applicant,Person,10.00
2015M02,Slovenia,Syria,Total,Total,Asylum applicant,Person,0.00
2015M02,Slovenia,Syria,Total,Total,First time applicant,Person,0.00
2015M02,Slovakia,Extra EU-28,Total,Total,Asylum applicant,Person,10.00
2015M02,Slovakia,Extra EU-28,Total,Total,First time applicant,Person,10.00
2015M02,Slovakia,Syria,Total,Total,Asylum applicant,Person,0.00
2015M02,Slovakia,Syria,Total,Total,First time applicant,Person,0.00
2015M02,Finland,Extra EU-28,Total,Total,Asylum applicant,Person,325.00
2015M02,Finland,Extra EU-28,Total,Total,First time applicant,Person,310.00
2015M02,Finland,Syria,Total,Total,Asylum applicant,Person,15.00
2015M02,Finland,Syria,Total,Total,First time applicant,Person,15.00
2015M02,Sweden,Extra EU-28,Total,Total,Asylum applicant,Person,4045.00
2015M02,Sweden,Extra EU-28,Total,Total,First time applicant,Person,3515.00
2015M02,Sweden,Syria,Total,Total,Asylum applicant,Person,965.00
2015M02,Sweden,Syria,Total,Total,First time applicant,Person,925.00
2015M02,United Kingdom,Extra EU-28,Total,Total,Asylum applicant,Person,2230.00
2015M02,United Kingdom,Extra EU-28,Total,Total,First time applicant,Person,2200.00
2015M02,United Kingdom,Syria,Total,Total,Asylum applicant,Person,170.00
2015M02,United Kingdom,Syria,Total,Total,First time applicant,Person,165.00
2015M02,Iceland,Extra EU-28,Total,Total,Asylum applicant,Person,15.00
2015M02,Iceland,Extra EU-28,Total,Total,First time applicant,Person,
2015M02,Iceland,Syria,Total,Total,Asylum applicant,Person,0.00
2015M02,Iceland,Syria,Total,Total,First time applicant,Person,
2015M02,Liechtenstein,Extra EU-28,Total,Total,Asylum applicant,Person,0.00
2015M02,Liechtenstein,Extra EU-28,Total,Total,First time applicant,Person,
2015M02,Liechtenstein,Syria,Total,Total,Asylum applicant,Person,0.00
2015M02,Liechtenstein,Syria,Total,Total,First time applicant,Person,
2015M02,Norway,Extra EU-28,Total,Total,Asylum applicant,Person,530.00
2015M02,Norway,Extra EU-28,Total,Total,First time applicant,Person,480.00
2015M02,Norway,Syria,Total,Total,Asylum applicant,Person,85.00
2015M02,Norway,Syria,Total,Total,First time applicant,Person,85.00
2015M02,Switzerland,Extra EU-28,Total,Total,Asylum applicant,Person,1415.00
2015M02,Switzerland,Extra EU-28,Total,Total,First time applicant,Person,1300.00
2015M02,Switzerland,Syria,Total,Total,Asylum applicant,Person,155.00
2015M02,Switzerland,Syria,Total,Total,First time applicant,Person,150.00
2015M02,Total,Extra EU-28,Total,Total,Asylum applicant,Person,72915.00
2015M02,Total,Extra EU-28,Total,Total,First time applicant,Person,66645.00
2015M02,Total,Syria,Total,Total,Asylum applicant,Person,8960.00
2015M02,Total,Syria,Total,Total,First time applicant,Person,8630.00
2015M03,European Union (28 countries),Extra EU-28,Total,Total,Asylum applicant,Person,66635.00
2015M03,European Union (28 countries),Extra EU-28,Total,Total,First time applicant,Person,60615.00
2015M03,European Union (28 countries),Syria,Total,Total,Asylum applicant,Person,10100.00
2015M03,European Union (28 countries),Syria,Total,Total,First time applicant,Person,9810.00
2015M03,Belgium,Extra EU-28,Total,Total,Asylum applicant,Person,1745.00
2015M03,Belgium,Extra EU-28,Total,Total,First time applicant,Person,1160.00
2015M03,Belgium,Syria,Total,Total,Asylum applicant,Person,235.00
2015M03,Belgium,Syria,Total,Total,First time applicant,Person,225.00
2015M03,Bulgaria,Extra EU-28,Total,Total,Asylum applicant,Person,1110.00
2015M03,Bulgaria,Extra EU-28,Total,Total,First time applicant,Person,1110.00
2015M03,Bulgaria,Syria,Total,Total,Asylum applicant,Person,395.00
2015M03,Bulgaria,Syria,Total,Total,First time applicant,Person,405.00
2015M03,Czech Republic,Extra EU-28,Total,Total,Asylum applicant,Person,195.00
2015M03,Czech Republic,Extra EU-28,Total,Total,First time applicant,Person,170.00
2015M03,Czech Republic,Syria,Total,Total,Asylum applicant,Person,10.00
2015M03,Czech Republic,Syria,Total,Total,First time applicant,Person,10.00
2015M03,Denmark,Extra EU-28,Total,Total,Asylum applicant,Person,460.00
2015M03,Denmark,Extra EU-28,Total,Total,First time applicant,Person,450.00
2015M03,Denmark,Syria,Total,Total,Asylum applicant,Person,150.00
2015M03,Denmark,Syria,Total,Total,First time applicant,Person,150.00
2015M03,Germany (until 1990 former territory of the FRG),Extra EU-28,Total,Total,Asylum applicant,Person,32045.00
2015M03,Germany (until 1990 former territory of the FRG),Extra EU-28,Total,Total,First time applicant,Person,28675.00
2015M03,Germany (until 1990 former territory of the FRG),Syria,Total,Total,Asylum applicant,Person,4620.00
2015M03,Germany (until 1990 former territory of the FRG),Syria,Total,Total,First time applicant,Person,4420.00
2015M03,Estonia,Extra EU-28,Total,Total,Asylum applicant,Person,30.00
2015M03,Estonia,Extra EU-28,Total,Total,First time applicant,Person,30.00
2015M03,Estonia,Syria,Total,Total,Asylum applicant,Person,0.00
2015M03,Estonia,Syria,Total,Total,First time applicant,Person,0.00
2015M03,Ireland,Extra EU-28,Total,Total,Asylum applicant,Person,210.00
2015M03,Ireland,Extra EU-28,Total,Total,First time applicant,Person,210.00
2015M03,Ireland,Syria,Total,Total,Asylum applicant,Person,0.00
2015M03,Ireland,Syria,Total,Total,First time applicant,Person,0.00
2015M03,Greece,Extra EU-28,Total,Total,Asylum applicant,Person,915.00
2015M03,Greece,Extra EU-28,Total,Total,First time applicant,Person,790.00
2015M03,Greece,Syria,Total,Total,Asylum applicant,Person,245.00
2015M03,Greece,Syria,Total,Total,First time applicant,Person,225.00
2015M03,Spain,Extra EU-28,Total,Total,Asylum applicant,Person,1240.00
2015M03,Spain,Extra EU-28,Total,Total,First time applicant,Person,1220.00
2015M03,Spain,Syria,Total,Total,Asylum applicant,Person,570.00
2015M03,Spain,Syria,Total,Total,First time applicant,Person,570.00
2015M03,France,Extra EU-28,Total,Total,Asylum applicant,Person,6090.00
2015M03,France,Extra EU-28,Total,Total,First time applicant,Person,5610.00
2015M03,France,Syria,Total,Total,Asylum applicant,Person,225.00
2015M03,France,Syria,Total,Total,First time applicant,Person,225.00
2015M03,Croatia,Extra EU-28,Total,Total,Asylum applicant,Person,15.00
2015M03,Croatia,Extra EU-28,Total,Total,First time applicant,Person,15.00
2015M03,Croatia,Syria,Total,Total,Asylum applicant,Person,0.00
2015M03,Croatia,Syria,Total,Total,First time applicant,Person,0.00
2015M03,Italy,Extra EU-28,Total,Total,Asylum applicant,Person,5505.00
2015M03,Italy,Extra EU-28,Total,Total,First time applicant,Person,5430.00
2015M03,Italy,Syria,Total,Total,Asylum applicant,Person,25.00
2015M03,Italy,Syria,Total,Total,First time applicant,Person,25.00
2015M03,Cyprus,Extra EU-28,Total,Total,Asylum applicant,Person,165.00
2015M03,Cyprus,Extra EU-28,Total,Total,First time applicant,Person,150.00
2015M03,Cyprus,Syria,Total,Total,Asylum applicant,Person,75.00
2015M03,Cyprus,Syria,Total,Total,First time applicant,Person,60.00
2015M03,Latvia,Extra EU-28,Total,Total,Asylum applicant,Person,15.00
2015M03,Latvia,Extra EU-28,Total,Total,First time applicant,Person,15.00
2015M03,Latvia,Syria,Total,Total,Asylum applicant,Person,0.00
2015M03,Latvia,Syria,Total,Total,First time applicant,Person,0.00
2015M03,Lithuania,Extra EU-28,Total,Total,Asylum applicant,Person,15.00
2015M03,Lithuania,Extra EU-28,Total,Total,First time applicant,Person,5.00
2015M03,Lithuania,Syria,Total,Total,Asylum applicant,Person,0.00
2015M03,Lithuania,Syria,Total,Total,First time applicant,Person,0.00
2015M03,Luxembourg,Extra EU-28,Total,Total,Asylum applicant,Person,105.00
2015M03,Luxembourg,Extra EU-28,Total,Total,First time applicant,Person,85.00
2015M03,Luxembourg,Syria,Total,Total,Asylum applicant,Person,10.00
2015M03,Luxembourg,Syria,Total,Total,First time applicant,Person,10.00
2015M03,Hungary,Extra EU-28,Total,Total,Asylum applicant,Person,4925.00
2015M03,Hungary,Extra EU-28,Total,Total,First time applicant,Person,4750.00
2015M03,Hungary,Syria,Total,Total,Asylum applicant,Person,1280.00
2015M03,Hungary,Syria,Total,Total,First time applicant,Person,1265.00
2015M03,Malta,Extra EU-28,Total,Total,Asylum applicant,Person,130.00
2015M03,Malta,Extra EU-28,Total,Total,First time applicant,Person,120.00
2015M03,Malta,Syria,Total,Total,Asylum applicant,Person,15.00
2015M03,Malta,Syria,Total,Total,First time applicant,Person,10.00
2015M03,Netherlands,Extra EU-28,Total,Total,Asylum applicant,Person,985.00
2015M03,Netherlands,Extra EU-28,Total,Total,First time applicant,Person,800.00
2015M03,Netherlands,Syria,Total,Total,Asylum applicant,Person,200.00
2015M03,Netherlands,Syria,Total,Total,First time applicant,Person,190.00
2015M03,Austria,Extra EU-28,Total,Total,Asylum applicant,Person,2920.00
2015M03,Austria,Extra EU-28,Total,Total,First time applicant,Person,2770.00
2015M03,Austria,Syria,Total,Total,Asylum applicant,Person,835.00
2015M03,Austria,Syria,Total,Total,First time applicant,Person,835.00
2015M03,Poland,Extra EU-28,Total,Total,Asylum applicant,Person,630.00
2015M03,Poland,Extra EU-28,Total,Total,First time applicant,Person,485.00
2015M03,Poland,Syria,Total,Total,Asylum applicant,Person,15.00
2015M03,Poland,Syria,Total,Total,First time applicant,Person,15.00
2015M03,Portugal,Extra EU-28,Total,Total,Asylum applicant,Person,60.00
2015M03,Portugal,Extra EU-28,Total,Total,First time applicant,Person,60.00
2015M03,Portugal,Syria,Total,Total,Asylum applicant,Person,0.00
2015M03,Portugal,Syria,Total,Total,First time applicant,Person,0.00
2015M03,Romania,Extra EU-28,Total,Total,Asylum applicant,Person,165.00
2015M03,Romania,Extra EU-28,Total,Total,First time applicant,Person,160.00
2015M03,Romania,Syria,Total,Total,Asylum applicant,Person,75.00
2015M03,Romania,Syria,Total,Total,First time applicant,Person,75.00
2015M03,Slovenia,Extra EU-28,Total,Total,Asylum applicant,Person,25.00
2015M03,Slovenia,Extra EU-28,Total,Total,First time applicant,Person,20.00
2015M03,Slovenia,Syria,Total,Total,Asylum applicant,Person,0.00
2015M03,Slovenia,Syria,Total,Total,First time applicant,Person,0.00
2015M03,Slovakia,Extra EU-28,Total,Total,Asylum applicant,Person,35.00
2015M03,Slovakia,Extra EU-28,Total,Total,First time applicant,Person,25.00
2015M03,Slovakia,Syria,Total,Total,Asylum applicant,Person,0.00
2015M03,Slovakia,Syria,Total,Total,First time applicant,Person,0.00
2015M03,Finland,Extra EU-28,Total,Total,Asylum applicant,Person,355.00
2015M03,Finland,Extra EU-28,Total,Total,First time applicant,Person,345.00
2015M03,Finland,Syria,Total,Total,Asylum applicant,Person,10.00
2015M03,Finland,Syria,Total,Total,First time applicant,Person,10.00
2015M03,Sweden,Extra EU-28,Total,Total,Asylum applicant,Person,4105.00
2015M03,Sweden,Extra EU-28,Total,Total,First time applicant,Person,3560.00
2015M03,Sweden,Syria,Total,Total,Asylum applicant,Person,940.00
2015M03,Sweden,Syria,Total,Total,First time applicant,Person,920.00
2015M03,United Kingdom,Extra EU-28,Total,Total,Asylum applicant,Person,2430.00
2015M03,United Kingdom,Extra EU-28,Total,Total,First time applicant,Person,2395.00
2015M03,United Kingdom,Syria,Total,Total,Asylum applicant,Person,165.00
2015M03,United Kingdom,Syria,Total,Total,First time applicant,Person,160.00
2015M03,Iceland,Extra EU-28,Total,Total,Asylum applicant,Person,10.00
2015M03,Iceland,Extra EU-28,Total,Total,First time applicant,Person,
2015M03,Iceland,Syria,Total,Total,Asylum applicant,Person,0.00
2015M03,Iceland,Syria,Total,Total,First time applicant,Person,
2015M03,Liechtenstein,Extra EU-28,Total,Total,Asylum applicant,Person,10.00
2015M03,Liechtenstein,Extra EU-28,Total,Total,First time applicant,Person,
2015M03,Liechtenstein,Syria,Total,Total,Asylum applicant,Person,0.00
2015M03,Liechtenstein,Syria,Total,Total,First time applicant,Person,
2015M03,Norway,Extra EU-28,Total,Total,Asylum applicant,Person,535.00
2015M03,Norway,Extra EU-28,Total,Total,First time applicant,Person,480.00
2015M03,Norway,Syria,Total,Total,Asylum applicant,Person,75.00
2015M03,Norway,Syria,Total,Total,First time applicant,Person,75.00
2015M03,Switzerland,Extra EU-28,Total,Total,Asylum applicant,Person,1490.00
2015M03,Switzerland,Extra EU-28,Total,Total,First time applicant,Person,1375.00
2015M03,Switzerland,Syria,Total,Total,Asylum applicant,Person,100.00
2015M03,Switzerland,Syria,Total,Total,First time applicant,Person,95.00
2015M03,Total,Extra EU-28,Total,Total,Asylum applicant,Person,68675.00
2015M03,Total,Extra EU-28,Total,Total,First time applicant,Person,62470.00
2015M03,Total,Syria,Total,Total,Asylum applicant,Person,10280.00
2015M03,Total,Syria,Total,Total,First time applicant,Person,9980.00
2015M04,European Union (28 countries),Extra EU-28,Total,Total,Asylum applicant,Person,63155.00
2015M04,European Union (28 countries),Extra EU-28,Total,Total,First time applicant,Person,57695.00
2015M04,European Union (28 countries),Syria,Total,Total,Asylum applicant,Person,11270.00
2015M04,European Union (28 countries),Syria,Total,Total,First time applicant,Person,10925.00
2015M04,Belgium,Extra EU-28,Total,Total,Asylum applicant,Person,1620.00
2015M04,Belgium,Extra EU-28,Total,Total,First time applicant,Person,1110.00
2015M04,Belgium,Syria,Total,Total,Asylum applicant,Person,225.00
2015M04,Belgium,Syria,Total,Total,First time applicant,Person,225.00
2015M04,Bulgaria,Extra EU-28,Total,Total,Asylum applicant,Person,1130.00
2015M04,Bulgaria,Extra EU-28,Total,Total,First time applicant,Person,1120.00
2015M04,Bulgaria,Syria,Total,Total,Asylum applicant,Person,550.00
2015M04,Bulgaria,Syria,Total,Total,First time applicant,Person,545.00
2015M04,Czech Republic,Extra EU-28,Total,Total,Asylum applicant,Person,130.00
2015M04,Czech Republic,Extra EU-28,Total,Total,First time applicant,Person,105.00
2015M04,Czech Republic,Syria,Total,Total,Asylum applicant,Person,5.00
2015M04,Czech Republic,Syria,Total,Total,First time applicant,Person,5.00
2015M04,Denmark,Extra EU-28,Total,Total,Asylum applicant,Person,555.00
2015M04,Denmark,Extra EU-28,Total,Total,First time applicant,Person,545.00
2015M04,Denmark,Syria,Total,Total,Asylum applicant,Person,245.00
2015M04,Denmark,Syria,Total,Total,First time applicant,Person,240.00
2015M04,Germany (until 1990 former territory of the FRG),Extra EU-28,Total,Total,Asylum applicant,Person,27165.00
2015M04,Germany (until 1990 former territory of the FRG),Extra EU-28,Total,Total,First time applicant,Person,24490.00
2015M04,Germany (until 1990 former territory of the FRG),Syria,Total,Total,Asylum applicant,Person,4460.00
2015M04,Germany (until 1990 former territory of the FRG),Syria,Total,Total,First time applicant,Person,4225.00
2015M04,Estonia,Extra EU-28,Total,Total,Asylum applicant,Person,30.00
2015M04,Estonia,Extra EU-28,Total,Total,First time applicant,Person,30.00
2015M04,Estonia,Syria,Total,Total,Asylum applicant,Person,10.00
2015M04,Estonia,Syria,Total,Total,First time applicant,Person,10.00
2015M04,Ireland,Extra EU-28,Total,Total,Asylum applicant,Person,265.00
2015M04,Ireland,Extra EU-28,Total,Total,First time applicant,Person,265.00
2015M04,Ireland,Syria,Total,Total,Asylum applicant,Person,5.00
2015M04,Ireland,Syria,Total,Total,First time applicant,Person,5.00
2015M04,Greece,Extra EU-28,Total,Total,Asylum applicant,Person,980.00
2015M04,Greece,Extra EU-28,Total,Total,First time applicant,Person,855.00
2015M04,Greece,Syria,Total,Total,Asylum applicant,Person,275.00
2015M04,Greece,Syria,Total,Total,First time applicant,Person,255.00
2015M04,Spain,Extra EU-28,Total,Total,Asylum applicant,Person,1345.00
2015M04,Spain,Extra EU-28,Total,Total,First time applicant,Person,1330.00
2015M04,Spain,Syria,Total,Total,Asylum applicant,Person,795.00
2015M04,Spain,Syria,Total,Total,First time applicant,Person,795.00
2015M04,France,Extra EU-28,Total,Total,Asylum applicant,Person,5650.00
2015M04,France,Extra EU-28,Total,Total,First time applicant,Person,5175.00
2015M04,France,Syria,Total,Total,Asylum applicant,Person,280.00
2015M04,France,Syria,Total,Total,First time applicant,Person,275.00
2015M04,Croatia,Extra EU-28,Total,Total,Asylum applicant,Person,15.00
2015M04,Croatia,Extra EU-28,Total,Total,First time applicant,Person,10.00
2015M04,Croatia,Syria,Total,Total,Asylum applicant,Person,0.00
2015M04,Croatia,Syria,Total,Total,First time applicant,Person,0.00
2015M04,Italy,Extra EU-28,Total,Total,Asylum applicant,Person,4590.00
2015M04,Italy,Extra EU-28,Total,Total,First time applicant,Person,4500.00
2015M04,Italy,Syria,Total,Total,Asylum applicant,Person,35.00
2015M04,Italy,Syria,Total,Total,First time applicant,Person,35.00
2015M04,Cyprus,Extra EU-28,Total,Total,Asylum applicant,Person,165.00
2015M04,Cyprus,Extra EU-28,Total,Total,First time applicant,Person,145.00
2015M04,Cyprus,Syria,Total,Total,Asylum applicant,Person,65.00
2015M04,Cyprus,Syria,Total,Total,First time applicant,Person,55.00
2015M04,Latvia,Extra EU-28,Total,Total,Asylum applicant,Person,25.00
2015M04,Latvia,Extra EU-28,Total,Total,First time applicant,Person,25.00
2015M04,Latvia,Syria,Total,Total,Asylum applicant,Person,0.00
2015M04,Latvia,Syria,Total,Total,First time applicant,Person,0.00
2015M04,Lithuania,Extra EU-28,Total,Total,Asylum applicant,Person,25.00
2015M04,Lithuania,Extra EU-28,Total,Total,First time applicant,Person,25.00
2015M04,Lithuania,Syria,Total,Total,Asylum applicant,Person,0.00
2015M04,Lithuania,Syria,Total,Total,First time applicant,Person,0.00
2015M04,Luxembourg,Extra EU-28,Total,Total,Asylum applicant,Person,80.00
2015M04,Luxembourg,Extra EU-28,Total,Total,First time applicant,Person,70.00
2015M04,Luxembourg,Syria,Total,Total,Asylum applicant,Person,10.00
2015M04,Luxembourg,Syria,Total,Total,First time applicant,Person,10.00
2015M04,Hungary,Extra EU-28,Total,Total,Asylum applicant,Person,6690.00
2015M04,Hungary,Extra EU-28,Total,Total,First time applicant,Person,6485.00
2015M04,Hungary,Syria,Total,Total,Asylum applicant,Person,1770.00
2015M04,Hungary,Syria,Total,Total,First time applicant,Person,1750.00
2015M04,Malta,Extra EU-28,Total,Total,Asylum applicant,Person,115.00
2015M04,Malta,Extra EU-28,Total,Total,First time applicant,Person,105.00
2015M04,Malta,Syria,Total,Total,Asylum applicant,Person,15.00
2015M04,Malta,Syria,Total,Total,First time applicant,Person,10.00
2015M04,Netherlands,Extra EU-28,Total,Total,Asylum applicant,Person,1270.00
2015M04,Netherlands,Extra EU-28,Total,Total,First time applicant,Person,1085.00
2015M04,Netherlands,Syria,Total,Total,Asylum applicant,Person,240.00
2015M04,Netherlands,Syria,Total,Total,First time applicant,Person,235.00
2015M04,Austria,Extra EU-28,Total,Total,Asylum applicant,Person,4040.00
2015M04,Austria,Extra EU-28,Total,Total,First time applicant,Person,3715.00
2015M04,Austria,Syria,Total,Total,Asylum applicant,Person,1025.00
2015M04,Austria,Syria,Total,Total,First time applicant,Person,1020.00
2015M04,Poland,Extra EU-28,Total,Total,Asylum applicant,Person,750.00
2015M04,Poland,Extra EU-28,Total,Total,First time applicant,Person,540.00
2015M04,Poland,Syria,Total,Total,Asylum applicant,Person,5.00
2015M04,Poland,Syria,Total,Total,First time applicant,Person,5.00
2015M04,Portugal,Extra EU-28,Total,Total,Asylum applicant,Person,80.00
2015M04,Portugal,Extra EU-28,Total,Total,First time applicant,Person,80.00
2015M04,Portugal,Syria,Total,Total,Asylum applicant,Person,0.00
2015M04,Portugal,Syria,Total,Total,First time applicant,Person,0.00
2015M04,Romania,Extra EU-28,Total,Total,Asylum applicant,Person,210.00
2015M04,Romania,Extra EU-28,Total,Total,First time applicant,Person,205.00
2015M04,Romania,Syria,Total,Total,Asylum applicant,Person,135.00
2015M04,Romania,Syria,Total,Total,First time applicant,Person,135.00
2015M04,Slovenia,Extra EU-28,Total,Total,Asylum applicant,Person,15.00
2015M04,Slovenia,Extra EU-28,Total,Total,First time applicant,Person,15.00
2015M04,Slovenia,Syria,Total,Total,Asylum applicant,Person,0.00
2015M04,Slovenia,Syria,Total,Total,First time applicant,Person,0.00
2015M04,Slovakia,Extra EU-28,Total,Total,Asylum applicant,Person,10.00
2015M04,Slovakia,Extra EU-28,Total,Total,First time applicant,Person,5.00
2015M04,Slovakia,Syria,Total,Total,Asylum applicant,Person,5.00
2015M04,Slovakia,Syria,Total,Total,First time applicant,Person,0.00
2015M04,Finland,Extra EU-28,Total,Total,Asylum applicant,Person,340.00
2015M04,Finland,Extra EU-28,Total,Total,First time applicant,Person,335.00
2015M04,Finland,Syria,Total,Total,Asylum applicant,Person,15.00
2015M04,Finland,Syria,Total,Total,First time applicant,Person,15.00
2015M04,Sweden,Extra EU-28,Total,Total,Asylum applicant,Person,3915.00
2015M04,Sweden,Extra EU-28,Total,Total,First time applicant,Person,3405.00
2015M04,Sweden,Syria,Total,Total,Asylum applicant,Person,1000.00
2015M04,Sweden,Syria,Total,Total,First time applicant,Person,970.00
2015M04,United Kingdom,Extra EU-28,Total,Total,Asylum applicant,Person,1950.00
2015M04,United Kingdom,Extra EU-28,Total,Total,First time applicant,Person,1920.00
2015M04,United Kingdom,Syria,Total,Total,Asylum applicant,Person,110.00
2015M04,United Kingdom,Syria,Total,Total,First time applicant,Person,110.00
2015M04,Iceland,Extra EU-28,Total,Total,Asylum applicant,Person,15.00
2015M04,Iceland,Extra EU-28,Total,Total,First time applicant,Person,
2015M04,Iceland,Syria,Total,Total,Asylum applicant,Person,0.00
2015M04,Iceland,Syria,Total,Total,First time applicant,Person,
2015M04,Liechtenstein,Extra EU-28,Total,Total,Asylum applicant,Person,5.00
2015M04,Liechtenstein,Extra EU-28,Total,Total,First time applicant,Person,
2015M04,Liechtenstein,Syria,Total,Total,Asylum applicant,Person,0.00
2015M04,Liechtenstein,Syria,Total,Total,First time applicant,Person,
2015M04,Norway,Extra EU-28,Total,Total,Asylum applicant,Person,580.00
2015M04,Norway,Extra EU-28,Total,Total,First time applicant,Person,520.00
2015M04,Norway,Syria,Total,Total,Asylum applicant,Person,95.00
2015M04,Norway,Syria,Total,Total,First time applicant,Person,90.00
2015M04,Switzerland,Extra EU-28,Total,Total,Asylum applicant,Person,1375.00
2015M04,Switzerland,Extra EU-28,Total,Total,First time applicant,Person,1270.00
2015M04,Switzerland,Syria,Total,Total,Asylum applicant,Person,145.00
2015M04,Switzerland,Syria,Total,Total,First time applicant,Person,135.00
2015M04,Total,Extra EU-28,Total,Total,Asylum applicant,Person,65130.00
2015M04,Total,Extra EU-28,Total,Total,First time applicant,Person,59490.00
2015M04,Total,Syria,Total,Total,Asylum applicant,Person,11510.00
2015M04,Total,Syria,Total,Total,First time applicant,Person,11155.00
2015M05,European Union (28 countries),Extra EU-28,Total,Total,Asylum applicant,Person,71345.00
2015M05,European Union (28 countries),Extra EU-28,Total,Total,First time applicant,Person,66725.00
2015M05,European Union (28 countries),Syria,Total,Total,Asylum applicant,Person,13155.00
2015M05,European Union (28 countries),Syria,Total,Total,First time applicant,Person,12760.00
2015M05,Belgium,Extra EU-28,Total,Total,Asylum applicant,Person,2095.00
2015M05,Belgium,Extra EU-28,Total,Total,First time applicant,Person,1615.00
2015M05,Belgium,Syria,Total,Total,Asylum applicant,Person,290.00
2015M05,Belgium,Syria,Total,Total,First time applicant,Person,280.00
2015M05,Bulgaria,Extra EU-28,Total,Total,Asylum applicant,Person,1345.00
2015M05,Bulgaria,Extra EU-28,Total,Total,First time applicant,Person,1325.00
2015M05,Bulgaria,Syria,Total,Total,Asylum applicant,Person,535.00
2015M05,Bulgaria,Syria,Total,Total,First time applicant,Person,530.00
2015M05,Czech Republic,Extra EU-28,Total,Total,Asylum applicant,Person,110.00
2015M05,Czech Republic,Extra EU-28,Total,Total,First time applicant,Person,85.00
2015M05,Czech Republic,Syria,Total,Total,Asylum applicant,Person,10.00
2015M05,Czech Republic,Syria,Total,Total,First time applicant,Person,10.00
2015M05,Denmark,Extra EU-28,Total,Total,Asylum applicant,Person,880.00
2015M05,Denmark,Extra EU-28,Total,Total,First time applicant,Person,870.00
2015M05,Denmark,Syria,Total,Total,Asylum applicant,Person,315.00
2015M05,Denmark,Syria,Total,Total,First time applicant,Person,315.00
2015M05,Germany (until 1990 former territory of the FRG),Extra EU-28,Total,Total,Asylum applicant,Person,25975.00
2015M05,Germany (until 1990 former territory of the FRG),Extra EU-28,Total,Total,First time applicant,Person,23745.00
2015M05,Germany (until 1990 former territory of the FRG),Syria,Total,Total,Asylum applicant,Person,5100.00
2015M05,Germany (until 1990 former territory of the FRG),Syria,Total,Total,First time applicant,Person,4810.00
2015M05,Estonia,Extra EU-28,Total,Total,Asylum applicant,Person,10.00
2015M05,Estonia,Extra EU-28,Total,Total,First time applicant,Person,10.00
2015M05,Estonia,Syria,Total,Total,Asylum applicant,Person,0.00
2015M05,Estonia,Syria,Total,Total,First time applicant,Person,0.00
2015M05,Ireland,Extra EU-28,Total,Total,Asylum applicant,Person,255.00
2015M05,Ireland,Extra EU-28,Total,Total,First time applicant,Person,255.00
2015M05,Ireland,Syria,Total,Total,Asylum applicant,Person,10.00
2015M05,Ireland,Syria,Total,Total,First time applicant,Person,10.00
2015M05,Greece,Extra EU-28,Total,Total,Asylum applicant,Person,1145.00
2015M05,Greece,Extra EU-28,Total,Total,First time applicant,Person,1005.00
2015M05,Greece,Syria,Total,Total,Asylum applicant,Person,350.00
2015M05,Greece,Syria,Total,Total,First time applicant,Person,335.00
2015M05,Spain,Extra EU-28,Total,Total,Asylum applicant,Person,1065.00
2015M05,Spain,Extra EU-28,Total,Total,First time applicant,Person,1055.00
2015M05,Spain,Syria,Total,Total,Asylum applicant,Person,475.00
2015M05,Spain,Syria,Total,Total,First time applicant,Person,475.00
2015M05,France,Extra EU-28,Total,Total,Asylum applicant,Person,4745.00
2015M05,France,Extra EU-28,Total,Total,First time applicant,Person,4355.00
2015M05,France,Syria,Total,Total,Asylum applicant,Person,205.00
2015M05,France,Syria,Total,Total,First time applicant,Person,205.00
2015M05,Croatia,Extra EU-28,Total,Total,Asylum applicant,Person,10.00
2015M05,Croatia,Extra EU-28,Total,Total,First time applicant,Person,5.00
2015M05,Croatia,Syria,Total,Total,Asylum applicant,Person,0.00
2015M05,Croatia,Syria,Total,Total,First time applicant,Person,0.00
2015M05,Italy,Extra EU-28,Total,Total,Asylum applicant,Person,5180.00
2015M05,Italy,Extra EU-28,Total,Total,First time applicant,Person,5130.00
2015M05,Italy,Syria,Total,Total,Asylum applicant,Person,15.00
2015M05,Italy,Syria,Total,Total,First time applicant,Person,15.00
2015M05,Cyprus,Extra EU-28,Total,Total,Asylum applicant,Person,135.00
2015M05,Cyprus,Extra EU-28,Total,Total,First time applicant,Person,120.00
2015M05,Cyprus,Syria,Total,Total,Asylum applicant,Person,70.00
2015M05,Cyprus,Syria,Total,Total,First time applicant,Person,60.00
2015M05,Latvia,Extra EU-28,Total,Total,Asylum applicant,Person,35.00
2015M05,Latvia,Extra EU-28,Total,Total,First time applicant,Person,30.00
2015M05,Latvia,Syria,Total,Total,Asylum applicant,Person,0.00
2015M05,Latvia,Syria,Total,Total,First time applicant,Person,0.00
2015M05,Lithuania,Extra EU-28,Total,Total,Asylum applicant,Person,25.00
2015M05,Lithuania,Extra EU-28,Total,Total,First time applicant,Person,25.00
2015M05,Lithuania,Syria,Total,Total,Asylum applicant,Person,0.00
2015M05,Lithuania,Syria,Total,Total,First time applicant,Person,0.00
2015M05,Luxembourg,Extra EU-28,Total,Total,Asylum applicant,Person,95.00
2015M05,Luxembourg,Extra EU-28,Total,Total,First time applicant,Person,85.00
2015M05,Luxembourg,Syria,Total,Total,Asylum applicant,Person,0.00
2015M05,Luxembourg,Syria,Total,Total,First time applicant,Person,0.00
2015M05,Hungary,Extra EU-28,Total,Total,Asylum applicant,Person,9970.00
2015M05,Hungary,Extra EU-28,Total,Total,First time applicant,Person,9800.00
2015M05,Hungary,Syria,Total,Total,Asylum applicant,Person,2060.00
2015M05,Hungary,Syria,Total,Total,First time applicant,Person,2035.00
2015M05,Malta,Extra EU-28,Total,Total,Asylum applicant,Person,180.00
2015M05,Malta,Extra EU-28,Total,Total,First time applicant,Person,160.00
2015M05,Malta,Syria,Total,Total,Asylum applicant,Person,15.00
2015M05,Malta,Syria,Total,Total,First time applicant,Person,15.00
2015M05,Netherlands,Extra EU-28,Total,Total,Asylum applicant,Person,2375.00
2015M05,Netherlands,Extra EU-28,Total,Total,First time applicant,Person,2250.00
2015M05,Netherlands,Syria,Total,Total,Asylum applicant,Person,445.00
2015M05,Netherlands,Syria,Total,Total,First time applicant,Person,440.00
2015M05,Austria,Extra EU-28,Total,Total,Asylum applicant,Person,6390.00
2015M05,Austria,Extra EU-28,Total,Total,First time applicant,Person,6190.00
2015M05,Austria,Syria,Total,Total,Asylum applicant,Person,1835.00
2015M05,Austria,Syria,Total,Total,First time applicant,Person,1835.00
2015M05,Poland,Extra EU-28,Total,Total,Asylum applicant,Person,680.00
2015M05,Poland,Extra EU-28,Total,Total,First time applicant,Person,525.00
2015M05,Poland,Syria,Total,Total,Asylum applicant,Person,15.00
2015M05,Poland,Syria,Total,Total,First time applicant,Person,15.00
2015M05,Portugal,Extra EU-28,Total,Total,Asylum applicant,Person,80.00
2015M05,Portugal,Extra EU-28,Total,Total,First time applicant,Person,80.00
2015M05,Portugal,Syria,Total,Total,Asylum applicant,Person,5.00
2015M05,Portugal,Syria,Total,Total,First time applicant,Person,5.00
2015M05,Romania,Extra EU-28,Total,Total,Asylum applicant,Person,90.00
2015M05,Romania,Extra EU-28,Total,Total,First time applicant,Person,85.00
2015M05,Romania,Syria,Total,Total,Asylum applicant,Person,40.00
2015M05,Romania,Syria,Total,Total,First time applicant,Person,40.00
2015M05,Slovenia,Extra EU-28,Total,Total,Asylum applicant,Person,15.00
2015M05,Slovenia,Extra EU-28,Total,Total,First time applicant,Person,10.00
2015M05,Slovenia,Syria,Total,Total,Asylum applicant,Person,0.00
2015M05,Slovenia,Syria,Total,Total,First time applicant,Person,0.00
2015M05,Slovakia,Extra EU-28,Total,Total,Asylum applicant,Person,25.00
2015M05,Slovakia,Extra EU-28,Total,Total,First time applicant,Person,20.00
2015M05,Slovakia,Syria,Total,Total,Asylum applicant,Person,0.00
2015M05,Slovakia,Syria,Total,Total,First time applicant,Person,0.00
2015M05,Finland,Extra EU-28,Total,Total,Asylum applicant,Person,515.00
2015M05,Finland,Extra EU-28,Total,Total,First time applicant,Person,510.00
2015M05,Finland,Syria,Total,Total,Asylum applicant,Person,10.00
2015M05,Finland,Syria,Total,Total,First time applicant,Person,10.00
2015M05,Sweden,Extra EU-28,Total,Total,Asylum applicant,Person,5375.00
2015M05,Sweden,Extra EU-28,Total,Total,First time applicant,Person,4850.00
2015M05,Sweden,Syria,Total,Total,Asylum applicant,Person,1215.00
2015M05,Sweden,Syria,Total,Total,First time applicant,Person,1175.00
2015M05,United Kingdom,Extra EU-28,Total,Total,Asylum applicant,Person,2555.00
2015M05,United Kingdom,Extra EU-28,Total,Total,First time applicant,Person,2525.00
2015M05,United Kingdom,Syria,Total,Total,Asylum applicant,Person,140.00
2015M05,United Kingdom,Syria,Total,Total,First time applicant,Person,140.00
2015M05,Iceland,Extra EU-28,Total,Total,Asylum applicant,Person,5.00
2015M05,Iceland,Extra EU-28,Total,Total,First time applicant,Person,
2015M05,Iceland,Syria,Total,Total,Asylum applicant,Person,0.00
2015M05,Iceland,Syria,Total,Total,First time applicant,Person,
2015M05,Liechtenstein,Extra EU-28,Total,Total,Asylum applicant,Person,15.00
2015M05,Liechtenstein,Extra EU-28,Total,Total,First time applicant,Person,
2015M05,Liechtenstein,Syria,Total,Total,Asylum applicant,Person,0.00
2015M05,Liechtenstein,Syria,Total,Total,First time applicant,Person,
2015M05,Norway,Extra EU-28,Total,Total,Asylum applicant,Person,1225.00
2015M05,Norway,Extra EU-28,Total,Total,First time applicant,Person,1160.00
2015M05,Norway,Syria,Total,Total,Asylum applicant,Person,95.00
2015M05,Norway,Syria,Total,Total,First time applicant,Person,95.00
2015M05,Switzerland,Extra EU-28,Total,Total,Asylum applicant,Person,2195.00
2015M05,Switzerland,Extra EU-28,Total,Total,First time applicant,Person,2070.00
2015M05,Switzerland,Syria,Total,Total,Asylum applicant,Person,105.00
2015M05,Switzerland,Syria,Total,Total,First time applicant,Person,90.00
2015M05,Total,Extra EU-28,Total,Total,Asylum applicant,Person,74780.00
2015M05,Total,Extra EU-28,Total,Total,First time applicant,Person,69960.00
2015M05,Total,Syria,Total,Total,Asylum applicant,Person,13360.00
2015M05,Total,Syria,Total,Total,First time applicant,Person,12940.00
2015M06,European Union (28 countries),Extra EU-28,Total,Total,Asylum applicant,Person,94140.00
2015M06,European Union (28 countries),Extra EU-28,Total,Total,First time applicant,Person,88775.00
2015M06,European Union (28 countries),Syria,Total,Total,Asylum applicant,Person,20720.00
2015M06,European Union (28 countries),Syria,Total,Total,First time applicant,Person,20305.00
2015M06,Belgium,Extra EU-28,Total,Total,Asylum applicant,Person,2880.00
2015M06,Belgium,Extra EU-28,Total,Total,First time applicant,Person,2315.00
2015M06,Belgium,Syria,Total,Total,Asylum applicant,Person,535.00
2015M06,Belgium,Syria,Total,Total,First time applicant,Person,520.00
2015M06,Bulgaria,Extra EU-28,Total,Total,Asylum applicant,Person,1630.00
2015M06,Bulgaria,Extra EU-28,Total,Total,First time applicant,Person,1605.00
2015M06,Bulgaria,Syria,Total,Total,Asylum applicant,Person,865.00
2015M06,Bulgaria,Syria,Total,Total,First time applicant,Person,850.00
2015M06,Czech Republic,Extra EU-28,Total,Total,Asylum applicant,Person,105.00
2015M06,Czech Republic,Extra EU-28,Total,Total,First time applicant,Person,85.00
2015M06,Czech Republic,Syria,Total,Total,Asylum applicant,Person,10.00
2015M06,Czech Republic,Syria,Total,Total,First time applicant,Person,10.00
2015M06,Denmark,Extra EU-28,Total,Total,Asylum applicant,Person,1090.00
2015M06,Denmark,Extra EU-28,Total,Total,First time applicant,Person,1075.00
2015M06,Denmark,Syria,Total,Total,Asylum applicant,Person,490.00
2015M06,Denmark,Syria,Total,Total,First time applicant,Person,490.00
2015M06,Germany (until 1990 former territory of the FRG),Extra EU-28,Total,Total,Asylum applicant,Person,35440.00
2015M06,Germany (until 1990 former territory of the FRG),Extra EU-28,Total,Total,First time applicant,Person,32700.00
2015M06,Germany (until 1990 former territory of the FRG),Syria,Total,Total,Asylum applicant,Person,7560.00
2015M06,Germany (until 1990 former territory of the FRG),Syria,Total,Total,First time applicant,Person,7300.00
2015M06,Estonia,Extra EU-28,Total,Total,Asylum applicant,Person,25.00
2015M06,Estonia,Extra EU-28,Total,Total,First time applicant,Person,25.00
2015M06,Estonia,Syria,Total,Total,Asylum applicant,Person,0.00
2015M06,Estonia,Syria,Total,Total,First time applicant,Person,0.00
2015M06,Ireland,Extra EU-28,Total,Total,Asylum applicant,Person,335.00
2015M06,Ireland,Extra EU-28,Total,Total,First time applicant,Person,335.00
2015M06,Ireland,Syria,Total,Total,Asylum applicant,Person,0.00
2015M06,Ireland,Syria,Total,Total,First time applicant,Person,0.00
2015M06,Greece,Extra EU-28,Total,Total,Asylum applicant,Person,1120.00
2015M06,Greece,Extra EU-28,Total,Total,First time applicant,Person,1000.00
2015M06,Greece,Syria,Total,Total,Asylum applicant,Person,385.00
2015M06,Greece,Syria,Total,Total,First time applicant,Person,375.00
2015M06,Spain,Extra EU-28,Total,Total,Asylum applicant,Person,1305.00
2015M06,Spain,Extra EU-28,Total,Total,First time applicant,Person,1290.00
2015M06,Spain,Syria,Total,Total,Asylum applicant,Person,560.00
2015M06,Spain,Syria,Total,Total,First time applicant,Person,560.00
2015M06,France,Extra EU-28,Total,Total,Asylum applicant,Person,5600.00
2015M06,France,Extra EU-28,Total,Total,First time applicant,Person,5150.00
2015M06,France,Syria,Total,Total,Asylum applicant,Person,305.00
2015M06,France,Syria,Total,Total,First time applicant,Person,300.00
2015M06,Croatia,Extra EU-28,Total,Total,Asylum applicant,Person,10.00
2015M06,Croatia,Extra EU-28,Total,Total,First time applicant,Person,5.00
2015M06,Croatia,Syria,Total,Total,Asylum applicant,Person,0.00
2015M06,Croatia,Syria,Total,Total,First time applicant,Person,0.00
2015M06,Italy,Extra EU-28,Total,Total,Asylum applicant,Person,5335.00
2015M06,Italy,Extra EU-28,Total,Total,First time applicant,Person,5265.00
2015M06,Italy,Syria,Total,Total,Asylum applicant,Person,25.00
2015M06,Italy,Syria,Total,Total,First time applicant,Person,25.00
2015M06,Cyprus,Extra EU-28,Total,Total,Asylum applicant,Person,150.00
2015M06,Cyprus,Extra EU-28,Total,Total,First time applicant,Person,135.00
2015M06,Cyprus,Syria,Total,Total,Asylum applicant,Person,70.00
2015M06,Cyprus,Syria,Total,Total,First time applicant,Person,60.00
2015M06,Latvia,Extra EU-28,Total,Total,Asylum applicant,Person,50.00
2015M06,Latvia,Extra EU-28,Total,Total,First time applicant,Person,50.00
2015M06,Latvia,Syria,Total,Total,Asylum applicant,Person,5.00
2015M06,Latvia,Syria,Total,Total,First time applicant,Person,5.00
2015M06,Lithuania,Extra EU-28,Total,Total,Asylum applicant,Person,10.00
2015M06,Lithuania,Extra EU-28,Total,Total,First time applicant,Person,10.00
2015M06,Lithuania,Syria,Total,Total,Asylum applicant,Person,0.00
2015M06,Lithuania,Syria,Total,Total,First time applicant,Person,0.00
2015M06,Luxembourg,Extra EU-28,Total,Total,Asylum applicant,Person,105.00
2015M06,Luxembourg,Extra EU-28,Total,Total,First time applicant,Person,95.00
2015M06,Luxembourg,Syria,Total,Total,Asylum applicant,Person,10.00
2015M06,Luxembourg,Syria,Total,Total,First time applicant,Person,10.00
2015M06,Hungary,Extra EU-28,Total,Total,Asylum applicant,Person,16580.00
2015M06,Hungary,Extra EU-28,Total,Total,First time applicant,Person,16385.00
2015M06,Hungary,Syria,Total,Total,Asylum applicant,Person,4685.00
2015M06,Hungary,Syria,Total,Total,First time applicant,Person,4655.00
2015M06,Malta,Extra EU-28,Total,Total,Asylum applicant,Person,120.00
2015M06,Malta,Extra EU-28,Total,Total,First time applicant,Person,115.00
2015M06,Malta,Syria,Total,Total,Asylum applicant,Person,20.00
2015M06,Malta,Syria,Total,Total,First time applicant,Person,20.00
2015M06,Netherlands,Extra EU-28,Total,Total,Asylum applicant,Person,3085.00
2015M06,Netherlands,Extra EU-28,Total,Total,First time applicant,Person,2935.00
2015M06,Netherlands,Syria,Total,Total,Asylum applicant,Person,740.00
2015M06,Netherlands,Syria,Total,Total,First time applicant,Person,735.00
2015M06,Austria,Extra EU-28,Total,Total,Asylum applicant,Person,7675.00
2015M06,Austria,Extra EU-28,Total,Total,First time applicant,Person,7485.00
2015M06,Austria,Syria,Total,Total,Asylum applicant,Person,2450.00
2015M06,Austria,Syria,Total,Total,First time applicant,Person,2435.00
2015M06,Poland,Extra EU-28,Total,Total,Asylum applicant,Person,860.00
2015M06,Poland,Extra EU-28,Total,Total,First time applicant,Person,700.00
2015M06,Poland,Syria,Total,Total,Asylum applicant,Person,10.00
2015M06,Poland,Syria,Total,Total,First time applicant,Person,10.00
2015M06,Portugal,Extra EU-28,Total,Total,Asylum applicant,Person,90.00
2015M06,Portugal,Extra EU-28,Total,Total,First time applicant,Person,90.00
2015M06,Portugal,Syria,Total,Total,Asylum applicant,Person,0.00
2015M06,Portugal,Syria,Total,Total,First time applicant,Person,0.00
2015M06,Romania,Extra EU-28,Total,Total,Asylum applicant,Person,85.00
2015M06,Romania,Extra EU-28,Total,Total,First time applicant,Person,85.00
2015M06,Romania,Syria,Total,Total,Asylum applicant,Person,40.00
2015M06,Romania,Syria,Total,Total,First time applicant,Person,40.00
2015M06,Slovenia,Extra EU-28,Total,Total,Asylum applicant,Person,15.00
2015M06,Slovenia,Extra EU-28,Total,Total,First time applicant,Person,15.00
2015M06,Slovenia,Syria,Total,Total,Asylum applicant,Person,0.00
2015M06,Slovenia,Syria,Total,Total,First time applicant,Person,0.00
2015M06,Slovakia,Extra EU-28,Total,Total,Asylum applicant,Person,10.00
2015M06,Slovakia,Extra EU-28,Total,Total,First time applicant,Person,5.00
2015M06,Slovakia,Syria,Total,Total,Asylum applicant,Person,0.00
2015M06,Slovakia,Syria,Total,Total,First time applicant,Person,0.00
2015M06,Finland,Extra EU-28,Total,Total,Asylum applicant,Person,770.00
2015M06,Finland,Extra EU-28,Total,Total,First time applicant,Person,760.00
2015M06,Finland,Syria,Total,Total,Asylum applicant,Person,20.00
2015M06,Finland,Syria,Total,Total,First time applicant,Person,20.00
2015M06,Sweden,Extra EU-28,Total,Total,Asylum applicant,Person,6610.00
2015M06,Sweden,Extra EU-28,Total,Total,First time applicant,Person,6045.00
2015M06,Sweden,Syria,Total,Total,Asylum applicant,Person,1755.00
2015M06,Sweden,Syria,Total,Total,First time applicant,Person,1715.00
2015M06,United Kingdom,Extra EU-28,Total,Total,Asylum applicant,Person,3055.00
2015M06,United Kingdom,Extra EU-28,Total,Total,First time applicant,Person,3025.00
2015M06,United Kingdom,Syria,Total,Total,Asylum applicant,Person,165.00
2015M06,United Kingdom,Syria,Total,Total,First time applicant,Person,165.00
2015M06,Iceland,Extra EU-28,Total,Total,Asylum applicant,Person,20.00
2015M06,Iceland,Extra EU-28,Total,Total,First time applicant,Person,
2015M06,Iceland,Syria,Total,Total,Asylum applicant,Person,0.00
2015M06,Iceland,Syria,Total,Total,First time applicant,Person,
2015M06,Liechtenstein,Extra EU-28,Total,Total,Asylum applicant,Person,20.00
2015M06,Liechtenstein,Extra EU-28,Total,Total,First time applicant,Person,
2015M06,Liechtenstein,Syria,Total,Total,Asylum applicant,Person,0.00
2015M06,Liechtenstein,Syria,Total,Total,First time applicant,Person,
2015M06,Norway,Extra EU-28,Total,Total,Asylum applicant,Person,1145.00
2015M06,Norway,Extra EU-28,Total,Total,First time applicant,Person,1075.00
2015M06,Norway,Syria,Total,Total,Asylum applicant,Person,185.00
2015M06,Norway,Syria,Total,Total,First time applicant,Person,185.00
2015M06,Switzerland,Extra EU-28,Total,Total,Asylum applicant,Person,3800.00
2015M06,Switzerland,Extra EU-28,Total,Total,First time applicant,Person,3665.00
2015M06,Switzerland,Syria,Total,Total,Asylum applicant,Person,140.00
2015M06,Switzerland,Syria,Total,Total,First time applicant,Person,125.00
2015M06,Total,Extra EU-28,Total,Total,Asylum applicant,Person,99120.00
2015M06,Total,Extra EU-28,Total,Total,First time applicant,Person,93515.00
2015M06,Total,Syria,Total,Total,Asylum applicant,Person,21045.00
2015M06,Total,Syria,Total,Total,First time applicant,Person,20615.00
2015M07,European Union (28 countries),Extra EU-28,Total,Total,Asylum applicant,Person,118920.00
2015M07,European Union (28 countries),Extra EU-28,Total,Total,First time applicant,Person,112945.00
2015M07,European Union (28 countries),Syria,Total,Total,Asylum applicant,Person,31060.00
2015M07,European Union (28 countries),Syria,Total,Total,First time applicant,Person,30555.00
2015M07,Belgium,Extra EU-28,Total,Total,Asylum applicant,Person,3590.00
2015M07,Belgium,Extra EU-28,Total,Total,First time applicant,Person,3130.00
2015M07,Belgium,Syria,Total,Total,Asylum applicant,Person,680.00
2015M07,Belgium,Syria,Total,Total,First time applicant,Person,670.00
2015M07,Bulgaria,Extra EU-28,Total,Total,Asylum applicant,Person,1870.00
2015M07,Bulgaria,Extra EU-28,Total,Total,First time applicant,Person,1850.00
2015M07,Bulgaria,Syria,Total,Total,Asylum applicant,Person,680.00
2015M07,Bulgaria,Syria,Total,Total,First time applicant,Person,675.00
2015M07,Czech Republic,Extra EU-28,Total,Total,Asylum applicant,Person,100.00
2015M07,Czech Republic,Extra EU-28,Total,Total,First time applicant,Person,75.00
2015M07,Czech Republic,Syria,Total,Total,Asylum applicant,Person,10.00
2015M07,Czech Republic,Syria,Total,Total,First time applicant,Person,5.00
2015M07,Denmark,Extra EU-28,Total,Total,Asylum applicant,Person,1035.00
2015M07,Denmark,Extra EU-28,Total,Total,First time applicant,Person,1030.00
2015M07,Denmark,Syria,Total,Total,Asylum applicant,Person,480.00
2015M07,Denmark,Syria,Total,Total,First time applicant,Person,480.00
2015M07,Germany (until 1990 former territory of the FRG),Extra EU-28,Total,Total,Asylum applicant,Person,37525.00
2015M07,Germany (until 1990 former territory of the FRG),Extra EU-28,Total,Total,First time applicant,Person,34380.00
2015M07,Germany (until 1990 former territory of the FRG),Syria,Total,Total,Asylum applicant,Person,9415.00
2015M07,Germany (until 1990 former territory of the FRG),Syria,Total,Total,First time applicant,Person,9140.00
2015M07,Estonia,Extra EU-28,Total,Total,Asylum applicant,Person,20.00
2015M07,Estonia,Extra EU-28,Total,Total,First time applicant,Person,20.00
2015M07,Estonia,Syria,Total,Total,Asylum applicant,Person,0.00
2015M07,Estonia,Syria,Total,Total,First time applicant,Person,0.00
2015M07,Ireland,Extra EU-28,Total,Total,Asylum applicant,Person,290.00
2015M07,Ireland,Extra EU-28,Total,Total,First time applicant,Person,290.00
2015M07,Ireland,Syria,Total,Total,Asylum applicant,Person,5.00
2015M07,Ireland,Syria,Total,Total,First time applicant,Person,5.00
2015M07,Greece,Extra EU-28,Total,Total,Asylum applicant,Person,1235.00
2015M07,Greece,Extra EU-28,Total,Total,First time applicant,Person,1065.00
2015M07,Greece,Syria,Total,Total,Asylum applicant,Person,425.00
2015M07,Greece,Syria,Total,Total,First time applicant,Person,410.00
2015M07,Spain,Extra EU-28,Total,Total,Asylum applicant,Person,
2015M07,Spain,Extra EU-28,Total,Total,First time applicant,Person,
2015M07,Spain,Syria,Total,Total,Asylum applicant,Person,
2015M07,Spain,Syria,Total,Total,First time applicant,Person,
2015M07,France,Extra EU-28,Total,Total,Asylum applicant,Person,5735.00
2015M07,France,Extra EU-28,Total,Total,First time applicant,Person,5330.00
2015M07,France,Syria,Total,Total,Asylum applicant,Person,230.00
2015M07,France,Syria,Total,Total,First time applicant,Person,230.00
2015M07,Croatia,Extra EU-28,Total,Total,Asylum applicant,Person,10.00
2015M07,Croatia,Extra EU-28,Total,Total,First time applicant,Person,10.00
2015M07,Croatia,Syria,Total,Total,Asylum applicant,Person,0.00
2015M07,Croatia,Syria,Total,Total,First time applicant,Person,0.00
2015M07,Italy,Extra EU-28,Total,Total,Asylum applicant,Person,8610.00
2015M07,Italy,Extra EU-28,Total,Total,First time applicant,Person,8510.00
2015M07,Italy,Syria,Total,Total,Asylum applicant,Person,25.00
2015M07,Italy,Syria,Total,Total,First time applicant,Person,25.00
2015M07,Cyprus,Extra EU-28,Total,Total,Asylum applicant,Person,165.00
2015M07,Cyprus,Extra EU-28,Total,Total,First time applicant,Person,155.00
2015M07,Cyprus,Syria,Total,Total,Asylum applicant,Person,80.00
2015M07,Cyprus,Syria,Total,Total,First time applicant,Person,75.00
2015M07,Latvia,Extra EU-28,Total,Total,Asylum applicant,Person,30.00
2015M07,Latvia,Extra EU-28,Total,Total,First time applicant,Person,30.00
2015M07,Latvia,Syria,Total,Total,Asylum applicant,Person,0.00
2015M07,Latvia,Syria,Total,Total,First time applicant,Person,0.00
2015M07,Lithuania,Extra EU-28,Total,Total,Asylum applicant,Person,35.00
2015M07,Lithuania,Extra EU-28,Total,Total,First time applicant,Person,35.00
2015M07,Lithuania,Syria,Total,Total,Asylum applicant,Person,0.00
2015M07,Lithuania,Syria,Total,Total,First time applicant,Person,0.00
2015M07,Luxembourg,Extra EU-28,Total,Total,Asylum applicant,Person,115.00
2015M07,Luxembourg,Extra EU-28,Total,Total,First time applicant,Person,90.00
2015M07,Luxembourg,Syria,Total,Total,Asylum applicant,Person,20.00
2015M07,Luxembourg,Syria,Total,Total,First time applicant,Person,20.00
2015M07,Hungary,Extra EU-28,Total,Total,Asylum applicant,Person,31285.00
2015M07,Hungary,Extra EU-28,Total,Total,First time applicant,Person,30870.00
2015M07,Hungary,Syria,Total,Total,Asylum applicant,Person,12475.00
2015M07,Hungary,Syria,Total,Total,First time applicant,Person,12345.00
2015M07,Malta,Extra EU-28,Total,Total,Asylum applicant,Person,145.00
2015M07,Malta,Extra EU-28,Total,Total,First time applicant,Person,140.00
2015M07,Malta,Syria,Total,Total,Asylum applicant,Person,25.00
2015M07,Malta,Syria,Total,Total,First time applicant,Person,25.00
2015M07,Netherlands,Extra EU-28,Total,Total,Asylum applicant,Person,3160.00
2015M07,Netherlands,Extra EU-28,Total,Total,First time applicant,Person,2990.00
2015M07,Netherlands,Syria,Total,Total,Asylum applicant,Person,1125.00
2015M07,Netherlands,Syria,Total,Total,First time applicant,Person,1120.00
2015M07,Austria,Extra EU-28,Total,Total,Asylum applicant,Person,8790.00
2015M07,Austria,Extra EU-28,Total,Total,First time applicant,Person,8555.00
2015M07,Austria,Syria,Total,Total,Asylum applicant,Person,2325.00
2015M07,Austria,Syria,Total,Total,First time applicant,Person,2300.00
2015M07,Poland,Extra EU-28,Total,Total,Asylum applicant,Person,1145.00
2015M07,Poland,Extra EU-28,Total,Total,First time applicant,Person,985.00
2015M07,Poland,Syria,Total,Total,Asylum applicant,Person,165.00
2015M07,Poland,Syria,Total,Total,First time applicant,Person,160.00
2015M07,Portugal,Extra EU-28,Total,Total,Asylum applicant,Person,70.00
2015M07,Portugal,Extra EU-28,Total,Total,First time applicant,Person,70.00
2015M07,Portugal,Syria,Total,Total,Asylum applicant,Person,0.00
2015M07,Portugal,Syria,Total,Total,First time applicant,Person,0.00
2015M07,Romania,Extra EU-28,Total,Total,Asylum applicant,Person,90.00
2015M07,Romania,Extra EU-28,Total,Total,First time applicant,Person,85.00
2015M07,Romania,Syria,Total,Total,Asylum applicant,Person,40.00
2015M07,Romania,Syria,Total,Total,First time applicant,Person,40.00
2015M07,Slovenia,Extra EU-28,Total,Total,Asylum applicant,Person,10.00
2015M07,Slovenia,Extra EU-28,Total,Total,First time applicant,Person,10.00
2015M07,Slovenia,Syria,Total,Total,Asylum applicant,Person,0.00
2015M07,Slovenia,Syria,Total,Total,First time applicant,Person,0.00
2015M07,Slovakia,Extra EU-28,Total,Total,Asylum applicant,Person,10.00
2015M07,Slovakia,Extra EU-28,Total,Total,First time applicant,Person,5.00
2015M07,Slovakia,Syria,Total,Total,Asylum applicant,Person,0.00
2015M07,Slovakia,Syria,Total,Total,First time applicant,Person,0.00
2015M07,Finland,Extra EU-28,Total,Total,Asylum applicant,Person,1480.00
2015M07,Finland,Extra EU-28,Total,Total,First time applicant,Person,1455.00
2015M07,Finland,Syria,Total,Total,Asylum applicant,Person,30.00
2015M07,Finland,Syria,Total,Total,First time applicant,Person,30.00
2015M07,Sweden,Extra EU-28,Total,Total,Asylum applicant,Person,8060.00
2015M07,Sweden,Extra EU-28,Total,Total,First time applicant,Person,7515.00
2015M07,Sweden,Syria,Total,Total,Asylum applicant,Person,2505.00
2015M07,Sweden,Syria,Total,Total,First time applicant,Person,2475.00
2015M07,United Kingdom,Extra EU-28,Total,Total,Asylum applicant,Person,4305.00
2015M07,United Kingdom,Extra EU-28,Total,Total,First time applicant,Person,4260.00
2015M07,United Kingdom,Syria,Total,Total,Asylum applicant,Person,315.00
2015M07,United Kingdom,Syria,Total,Total,First time applicant,Person,315.00
2015M07,Iceland,Extra EU-28,Total,Total,Asylum applicant,Person,20.00
2015M07,Iceland,Extra EU-28,Total,Total,First time applicant,Person,
2015M07,Iceland,Syria,Total,Total,Asylum applicant,Person,5.00
2015M07,Iceland,Syria,Total,Total,First time applicant,Person,
2015M07,Liechtenstein,Extra EU-28,Total,Total,Asylum applicant,Person,10.00
2015M07,Liechtenstein,Extra EU-28,Total,Total,First time applicant,Person,
2015M07,Liechtenstein,Syria,Total,Total,Asylum applicant,Person,0.00
2015M07,Liechtenstein,Syria,Total,Total,First time applicant,Person,
2015M07,Norway,Extra EU-28,Total,Total,Asylum applicant,Person,1395.00
2015M07,Norway,Extra EU-28,Total,Total,First time applicant,Person,1335.00
2015M07,Norway,Syria,Total,Total,Asylum applicant,Person,320.00
2015M07,Norway,Syria,Total,Total,First time applicant,Person,310.00
2015M07,Switzerland,Extra EU-28,Total,Total,Asylum applicant,Person,3895.00
2015M07,Switzerland,Extra EU-28,Total,Total,First time applicant,Person,3785.00
2015M07,Switzerland,Syria,Total,Total,Asylum applicant,Person,240.00
2015M07,Switzerland,Syria,Total,Total,First time applicant,Person,235.00
2015M07,Total,Extra EU-28,Total,Total,Asylum applicant,Person,124240.00
2015M07,Total,Extra EU-28,Total,Total,First time applicant,Person,118065.00
2015M07,Total,Syria,Total,Total,Asylum applicant,Person,31630.00
2015M07,Total,Syria,Total,Total,First time applicant,Person,31100.00
2015M08,European Union (28 countries),Extra EU-28,Total,Total,Asylum applicant,Person,112285.00
2015M08,European Union (28 countries),Extra EU-28,Total,Total,First time applicant,Person,107710.00
2015M08,European Union (28 countries),Syria,Total,Total,Asylum applicant,Person,43110.00
2015M08,European Union (28 countries),Syria,Total,Total,First time applicant,Person,42595.00
2015M08,Belgium,Extra EU-28,Total,Total,Asylum applicant,Person,5585.00
2015M08,Belgium,Extra EU-28,Total,Total,First time applicant,Person,5160.00
2015M08,Belgium,Syria,Total,Total,Asylum applicant,Person,1230.00
2015M08,Belgium,Syria,Total,Total,First time applicant,Person,1220.00
2015M08,Bulgaria,Extra EU-28,Total,Total,Asylum applicant,Person,1445.00
2015M08,Bulgaria,Extra EU-28,Total,Total,First time applicant,Person,1435.00
2015M08,Bulgaria,Syria,Total,Total,Asylum applicant,Person,520.00
2015M08,Bulgaria,Syria,Total,Total,First time applicant,Person,515.00
2015M08,Czech Republic,Extra EU-28,Total,Total,Asylum applicant,Person,
2015M08,Czech Republic,Extra EU-28,Total,Total,First time applicant,Person,
2015M08,Czech Republic,Syria,Total,Total,Asylum applicant,Person,
2015M08,Czech Republic,Syria,Total,Total,First time applicant,Person,
2015M08,Denmark,Extra EU-28,Total,Total,Asylum applicant,Person,
2015M08,Denmark,Extra EU-28,Total,Total,First time applicant,Person,
2015M08,Denmark,Syria,Total,Total,Asylum applicant,Person,
2015M08,Denmark,Syria,Total,Total,First time applicant,Person,
2015M08,Germany (until 1990 former territory of the FRG),Extra EU-28,Total,Total,Asylum applicant,Person,36415.00
2015M08,Germany (until 1990 former territory of the FRG),Extra EU-28,Total,Total,First time applicant,Person,33440.00
2015M08,Germany (until 1990 former territory of the FRG),Syria,Total,Total,Asylum applicant,Person,10440.00
2015M08,Germany (until 1990 former territory of the FRG),Syria,Total,Total,First time applicant,Person,10110.00
2015M08,Estonia,Extra EU-28,Total,Total,Asylum applicant,Person,
2015M08,Estonia,Extra EU-28,Total,Total,First time applicant,Person,
2015M08,Estonia,Syria,Total,Total,Asylum applicant,Person,
2015M08,Estonia,Syria,Total,Total,First time applicant,Person,
2015M08,Ireland,Extra EU-28,Total,Total,Asylum applicant,Person,
2015M08,Ireland,Extra EU-28,Total,Total,First time applicant,Person,
2015M08,Ireland,Syria,Total,Total,Asylum applicant,Person,
2015M08,Ireland,Syria,Total,Total,First time applicant,Person,
2015M08,Greece,Extra EU-28,Total,Total,Asylum applicant,Person,
2015M08,Greece,Extra EU-28,Total,Total,First time applicant,Person,
2015M08,Greece,Syria,Total,Total,Asylum applicant,Person,
2015M08,Greece,Syria,Total,Total,First time applicant,Person,
2015M08,Spain,Extra EU-28,Total,Total,Asylum applicant,Person,
2015M08,Spain,Extra EU-28,Total,Total,First time applicant,Person,
2015M08,Spain,Syria,Total,Total,Asylum applicant,Person,
2015M08,Spain,Syria,Total,Total,First time applicant,Person,
2015M08,France,Extra EU-28,Total,Total,Asylum applicant,Person,
2015M08,France,Extra EU-28,Total,Total,First time applicant,Person,
2015M08,France,Syria,Total,Total,Asylum applicant,Person,
2015M08,France,Syria,Total,Total,First time applicant,Person,
2015M08,Croatia,Extra EU-28,Total,Total,Asylum applicant,Person,10.00
2015M08,Croatia,Extra EU-28,Total,Total,First time applicant,Person,5.00
2015M08,Croatia,Syria,Total,Total,Asylum applicant,Person,0.00
2015M08,Croatia,Syria,Total,Total,First time applicant,Person,0.00
2015M08,Italy,Extra EU-28,Total,Total,Asylum applicant,Person,
2015M08,Italy,Extra EU-28,Total,Total,First time applicant,Person,
2015M08,Italy,Syria,Total,Total,Asylum applicant,Person,
2015M08,Italy,Syria,Total,Total,First time applicant,Person,
2015M08,Cyprus,Extra EU-28,Total,Total,Asylum applicant,Person,
2015M08,Cyprus,Extra EU-28,Total,Total,First time applicant,Person,
2015M08,Cyprus,Syria,Total,Total,Asylum applicant,Person,
2015M08,Cyprus,Syria,Total,Total,First time applicant,Person,
2015M08,Latvia,Extra EU-28,Total,Total,Asylum applicant,Person,
2015M08,Latvia,Extra EU-28,Total,Total,First time applicant,Person,
2015M08,Latvia,Syria,Total,Total,Asylum applicant,Person,
2015M08,Latvia,Syria,Total,Total,First time applicant,Person,
2015M08,Lithuania,Extra EU-28,Total,Total,Asylum applicant,Person,35.00
2015M08,Lithuania,Extra EU-28,Total,Total,First time applicant,Person,30.00
2015M08,Lithuania,Syria,Total,Total,Asylum applicant,Person,0.00
2015M08,Lithuania,Syria,Total,Total,First time applicant,Person,0.00
2015M08,Luxembourg,Extra EU-28,Total,Total,Asylum applicant,Person,190.00
2015M08,Luxembourg,Extra EU-28,Total,Total,First time applicant,Person,165.00
2015M08,Luxembourg,Syria,Total,Total,Asylum applicant,Person,55.00
2015M08,Luxembourg,Syria,Total,Total,First time applicant,Person,55.00
2015M08,Hungary,Extra EU-28,Total,Total,Asylum applicant,Person,47095.00
2015M08,Hungary,Extra EU-28,Total,Total,First time applicant,Person,46720.00
2015M08,Hungary,Syria,Total,Total,Asylum applicant,Person,23130.00
2015M08,Hungary,Syria,Total,Total,First time applicant,Person,23000.00
2015M08,Malta,Extra EU-28,Total,Total,Asylum applicant,Person,
2015M08,Malta,Extra EU-28,Total,Total,First time applicant,Person,
2015M08,Malta,Syria,Total,Total,Asylum applicant,Person,
2015M08,Malta,Syria,Total,Total,First time applicant,Person,
2015M08,Netherlands,Extra EU-28,Total,Total,Asylum applicant,Person,5500.00
2015M08,Netherlands,Extra EU-28,Total,Total,First time applicant,Person,5355.00
2015M08,Netherlands,Syria,Total,Total,Asylum applicant,Person,2840.00
2015M08,Netherlands,Syria,Total,Total,First time applicant,Person,2840.00
2015M08,Austria,Extra EU-28,Total,Total,Asylum applicant,Person,
2015M08,Austria,Extra EU-28,Total,Total,First time applicant,Person,
2015M08,Austria,Syria,Total,Total,Asylum applicant,Person,
2015M08,Austria,Syria,Total,Total,First time applicant,Person,
2015M08,Poland,Extra EU-28,Total,Total,Asylum applicant,Person,1375.00
2015M08,Poland,Extra EU-28,Total,Total,First time applicant,Person,1235.00
2015M08,Poland,Syria,Total,Total,Asylum applicant,Person,25.00
2015M08,Poland,Syria,Total,Total,First time applicant,Person,25.00
2015M08,Portugal,Extra EU-28,Total,Total,Asylum applicant,Person,
2015M08,Portugal,Extra EU-28,Total,Total,First time applicant,Person,
2015M08,Portugal,Syria,Total,Total,Asylum applicant,Person,
2015M08,Portugal,Syria,Total,Total,First time applicant,Person,
2015M08,Romania,Extra EU-28,Total,Total,Asylum applicant,Person,
2015M08,Romania,Extra EU-28,Total,Total,First time applicant,Person,
2015M08,Romania,Syria,Total,Total,Asylum applicant,Person,
2015M08,Romania,Syria,Total,Total,First time applicant,Person,
2015M08,Slovenia,Extra EU-28,Total,Total,Asylum applicant,Person,20.00
2015M08,Slovenia,Extra EU-28,Total,Total,First time applicant,Person,20.00
2015M08,Slovenia,Syria,Total,Total,Asylum applicant,Person,0.00
2015M08,Slovenia,Syria,Total,Total,First time applicant,Person,0.00
2015M08,Slovakia,Extra EU-28,Total,Total,Asylum applicant,Person,
2015M08,Slovakia,Extra EU-28,Total,Total,First time applicant,Person,
2015M08,Slovakia,Syria,Total,Total,Asylum applicant,Person,
2015M08,Slovakia,Syria,Total,Total,First time applicant,Person,
2015M08,Finland,Extra EU-28,Total,Total,Asylum applicant,Person,2890.00
2015M08,Finland,Extra EU-28,Total,Total,First time applicant,Person,2865.00
2015M08,Finland,Syria,Total,Total,Asylum applicant,Person,75.00
2015M08,Finland,Syria,Total,Total,First time applicant,Person,75.00
2015M08,Sweden,Extra EU-28,Total,Total,Asylum applicant,Person,11725.00
2015M08,Sweden,Extra EU-28,Total,Total,First time applicant,Person,11270.00
2015M08,Sweden,Syria,Total,Total,Asylum applicant,Person,4790.00
2015M08,Sweden,Syria,Total,Total,First time applicant,Person,4755.00
2015M08,United Kingdom,Extra EU-28,Total,Total,Asylum applicant,Person,
2015M08,United Kingdom,Extra EU-28,Total,Total,First time applicant,Person,
2015M08,United Kingdom,Syria,Total,Total,Asylum applicant,Person,
2015M08,United Kingdom,Syria,Total,Total,First time applicant,Person,
2015M08,Iceland,Extra EU-28,Total,Total,Asylum applicant,Person,
2015M08,Iceland,Extra EU-28,Total,Total,First time applicant,Person,
2015M08,Iceland,Syria,Total,Total,Asylum applicant,Person,
2015M08,Iceland,Syria,Total,Total,First time applicant,Person,
2015M08,Liechtenstein,Extra EU-28,Total,Total,Asylum applicant,Person,10.00
2015M08,Liechtenstein,Extra EU-28,Total,Total,First time applicant,Person,
2015M08,Liechtenstein,Syria,Total,Total,Asylum applicant,Person,0.00
2015M08,Liechtenstein,Syria,Total,Total,First time applicant,Person,
2015M08,Norway,Extra EU-28,Total,Total,Asylum applicant,Person,2330.00
2015M08,Norway,Extra EU-28,Total,Total,First time applicant,Person,2285.00
2015M08,Norway,Syria,Total,Total,Asylum applicant,Person,870.00
2015M08,Norway,Syria,Total,Total,First time applicant,Person,870.00
2015M08,Switzerland,Extra EU-28,Total,Total,Asylum applicant,Person,3890.00
2015M08,Switzerland,Extra EU-28,Total,Total,First time applicant,Person,3785.00
2015M08,Switzerland,Syria,Total,Total,Asylum applicant,Person,400.00
2015M08,Switzerland,Syria,Total,Total,First time applicant,Person,395.00
2015M08,Total,Extra EU-28,Total,Total,Asylum applicant,Person,118510.00
2015M08,Total,Extra EU-28,Total,Total,First time applicant,Person,113780.00
2015M08,Total,Syria,Total,Total,Asylum applicant,Person,44375.00
2015M08,Total,Syria,Total,Total,First time applicant,Person,43860.00
2015M09,European Union (28 countries),Extra EU-28,Total,Total,Asylum applicant,Person,86660.00
2015M09,European Union (28 countries),Extra EU-28,Total,Total,First time applicant,Person,76515.00
2015M09,European Union (28 countries),Syria,Total,Total,Asylum applicant,Person,29915.00
2015M09,European Union (28 countries),Syria,Total,Total,First time applicant,Person,27660.00
2015M09,Belgium,Extra EU-28,Total,Total,Asylum applicant,Person,6830.00
2015M09,Belgium,Extra EU-28,Total,Total,First time applicant,Person,
2015M09,Belgium,Syria,Total,Total,Asylum applicant,Person,1925.00
2015M09,Belgium,Syria,Total,Total,First time applicant,Person,
2015M09,Bulgaria,Extra EU-28,Total,Total,Asylum applicant,Person,
2015M09,Bulgaria,Extra EU-28,Total,Total,First time applicant,Person,
2015M09,Bulgaria,Syria,Total,Total,Asylum applicant,Person,
2015M09,Bulgaria,Syria,Total,Total,First time applicant,Person,
2015M09,Czech Republic,Extra EU-28,Total,Total,Asylum applicant,Person,
2015M09,Czech Republic,Extra EU-28,Total,Total,First time applicant,Person,
2015M09,Czech Republic,Syria,Total,Total,Asylum applicant,Person,
2015M09,Czech Republic,Syria,Total,Total,First time applicant,Person,
2015M09,Denmark,Extra EU-28,Total,Total,Asylum applicant,Person,
2015M09,Denmark,Extra EU-28,Total,Total,First time applicant,Person,
2015M09,Denmark,Syria,Total,Total,Asylum applicant,Person,
2015M09,Denmark,Syria,Total,Total,First time applicant,Person,
2015M09,Germany (until 1990 former territory of the FRG),Extra EU-28,Total,Total,Asylum applicant,Person,43065.00
2015M09,Germany (until 1990 former territory of the FRG),Extra EU-28,Total,Total,First time applicant,Person,40485.00
2015M09,Germany (until 1990 former territory of the FRG),Syria,Total,Total,Asylum applicant,Person,16835.00
2015M09,Germany (until 1990 former territory of the FRG),Syria,Total,Total,First time applicant,Person,16545.00
2015M09,Estonia,Extra EU-28,Total,Total,Asylum applicant,Person,
2015M09,Estonia,Extra EU-28,Total,Total,First time applicant,Person,
2015M09,Estonia,Syria,Total,Total,Asylum applicant,Person,
2015M09,Estonia,Syria,Total,Total,First time applicant,Person,
2015M09,Ireland,Extra EU-28,Total,Total,Asylum applicant,Person,
2015M09,Ireland,Extra EU-28,Total,Total,First time applicant,Person,
2015M09,Ireland,Syria,Total,Total,Asylum applicant,Person,
2015M09,Ireland,Syria,Total,Total,First time applicant,Person,
2015M09,Greece,Extra EU-28,Total,Total,Asylum applicant,Person,
2015M09,Greece,Extra EU-28,Total,Total,First time applicant,Person,
2015M09,Greece,Syria,Total,Total,Asylum applicant,Person,
2015M09,Greece,Syria,Total,Total,First time applicant,Person,
2015M09,Spain,Extra EU-28,Total,Total,Asylum applicant,Person,
2015M09,Spain,Extra EU-28,Total,Total,First time applicant,Person,
2015M09,Spain,Syria,Total,Total,Asylum applicant,Person,
2015M09,Spain,Syria,Total,Total,First time applicant,Person,
2015M09,France,Extra EU-28,Total,Total,Asylum applicant,Person,
2015M09,France,Extra EU-28,Total,Total,First time applicant,Person,
2015M09,France,Syria,Total,Total,Asylum applicant,Person,
2015M09,France,Syria,Total,Total,First time applicant,Person,
2015M09,Croatia,Extra EU-28,Total,Total,Asylum applicant,Person,
2015M09,Croatia,Extra EU-28,Total,Total,First time applicant,Person,
2015M09,Croatia,Syria,Total,Total,Asylum applicant,Person,
2015M09,Croatia,Syria,Total,Total,First time applicant,Person,
2015M09,Italy,Extra EU-28,Total,Total,Asylum applicant,Person,
2015M09,Italy,Extra EU-28,Total,Total,First time applicant,Person,
2015M09,Italy,Syria,Total,Total,Asylum applicant,Person,
2015M09,Italy,Syria,Total,Total,First time applicant,Person,
2015M09,Cyprus,Extra EU-28,Total,Total,Asylum applicant,Person,
2015M09,Cyprus,Extra EU-28,Total,Total,First time applicant,Person,
2015M09,Cyprus,Syria,Total,Total,Asylum applicant,Person,
2015M09,Cyprus,Syria,Total,Total,First time applicant,Person,
2015M09,Latvia,Extra EU-28,Total,Total,Asylum applicant,Person,
2015M09,Latvia,Extra EU-28,Total,Total,First time applicant,Person,
2015M09,Latvia,Syria,Total,Total,Asylum applicant,Person,
2015M09,Latvia,Syria,Total,Total,First time applicant,Person,
2015M09,Lithuania,Extra EU-28,Total,Total,Asylum applicant,Person,
2015M09,Lithuania,Extra EU-28,Total,Total,First time applicant,Person,
2015M09,Lithuania,Syria,Total,Total,Asylum applicant,Person,
2015M09,Lithuania,Syria,Total,Total,First time applicant,Person,
2015M09,Luxembourg,Extra EU-28,Total,Total,Asylum applicant,Person,
2015M09,Luxembourg,Extra EU-28,Total,Total,First time applicant,Person,
2015M09,Luxembourg,Syria,Total,Total,Asylum applicant,Person,
2015M09,Luxembourg,Syria,Total,Total,First time applicant,Person,
2015M09,Hungary,Extra EU-28,Total,Total,Asylum applicant,Person,
2015M09,Hungary,Extra EU-28,Total,Total,First time applicant,Person,
2015M09,Hungary,Syria,Total,Total,Asylum applicant,Person,
2015M09,Hungary,Syria,Total,Total,First time applicant,Person,
2015M09,Malta,Extra EU-28,Total,Total,Asylum applicant,Person,
2015M09,Malta,Extra EU-28,Total,Total,First time applicant,Person,
2015M09,Malta,Syria,Total,Total,Asylum applicant,Person,
2015M09,Malta,Syria,Total,Total,First time applicant,Person,
2015M09,Netherlands,Extra EU-28,Total,Total,Asylum applicant,Person,
2015M09,Netherlands,Extra EU-28,Total,Total,First time applicant,Person,
2015M09,Netherlands,Syria,Total,Total,Asylum applicant,Person,
2015M09,Netherlands,Syria,Total,Total,First time applicant,Person,
2015M09,Austria,Extra EU-28,Total,Total,Asylum applicant,Person,
2015M09,Austria,Extra EU-28,Total,Total,First time applicant,Person,
2015M09,Austria,Syria,Total,Total,Asylum applicant,Person,
2015M09,Austria,Syria,Total,Total,First time applicant,Person,
2015M09,Poland,Extra EU-28,Total,Total,Asylum applicant,Person,1690.00
2015M09,Poland,Extra EU-28,Total,Total,First time applicant,Person,1490.00
2015M09,Poland,Syria,Total,Total,Asylum applicant,Person,15.00
2015M09,Poland,Syria,Total,Total,First time applicant,Person,15.00
2015M09,Portugal,Extra EU-28,Total,Total,Asylum applicant,Person,
2015M09,Portugal,Extra EU-28,Total,Total,First time applicant,Person,
2015M09,Portugal,Syria,Total,Total,Asylum applicant,Person,
2015M09,Portugal,Syria,Total,Total,First time applicant,Person,
2015M09,Romania,Extra EU-28,Total,Total,Asylum applicant,Person,
2015M09,Romania,Extra EU-28,Total,Total,First time applicant,Person,
2015M09,Romania,Syria,Total,Total,Asylum applicant,Person,
2015M09,Romania,Syria,Total,Total,First time applicant,Person,
2015M09,Slovenia,Extra EU-28,Total,Total,Asylum applicant,Person,
2015M09,Slovenia,Extra EU-28,Total,Total,First time applicant,Person,
2015M09,Slovenia,Syria,Total,Total,Asylum applicant,Person,
2015M09,Slovenia,Syria,Total,Total,First time applicant,Person,
2015M09,Slovakia,Extra EU-28,Total,Total,Asylum applicant,Person,
2015M09,Slovakia,Extra EU-28,Total,Total,First time applicant,Person,
2015M09,Slovakia,Syria,Total,Total,Asylum applicant,Person,
2015M09,Slovakia,Syria,Total,Total,First time applicant,Person,
2015M09,Finland,Extra EU-28,Total,Total,Asylum applicant,Person,10815.00
2015M09,Finland,Extra EU-28,Total,Total,First time applicant,Person,10805.00
2015M09,Finland,Syria,Total,Total,Asylum applicant,Person,195.00
2015M09,Finland,Syria,Total,Total,First time applicant,Person,195.00
2015M09,Sweden,Extra EU-28,Total,Total,Asylum applicant,Person,24260.00
2015M09,Sweden,Extra EU-28,Total,Total,First time applicant,Person,23735.00
2015M09,Sweden,Syria,Total,Total,Asylum applicant,Person,10945.00
2015M09,Sweden,Syria,Total,Total,First time applicant,Person,10910.00
2015M09,United Kingdom,Extra EU-28,Total,Total,Asylum applicant,Person,
2015M09,United Kingdom,Extra EU-28,Total,Total,First time applicant,Person,
2015M09,United Kingdom,Syria,Total,Total,Asylum applicant,Person,
2015M09,United Kingdom,Syria,Total,Total,First time applicant,Person,
2015M09,Iceland,Extra EU-28,Total,Total,Asylum applicant,Person,
2015M09,Iceland,Extra EU-28,Total,Total,First time applicant,Person,
2015M09,Iceland,Syria,Total,Total,Asylum applicant,Person,
2015M09,Iceland,Syria,Total,Total,First time applicant,Person,
2015M09,Liechtenstein,Extra EU-28,Total,Total,Asylum applicant,Person,35.00
2015M09,Liechtenstein,Extra EU-28,Total,Total,First time applicant,Person,
2015M09,Liechtenstein,Syria,Total,Total,Asylum applicant,Person,0.00
2015M09,Liechtenstein,Syria,Total,Total,First time applicant,Person,
2015M09,Norway,Extra EU-28,Total,Total,Asylum applicant,Person,4895.00
2015M09,Norway,Extra EU-28,Total,Total,First time applicant,Person,4850.00
2015M09,Norway,Syria,Total,Total,Asylum applicant,Person,2630.00
2015M09,Norway,Syria,Total,Total,First time applicant,Person,2630.00
2015M09,Switzerland,Extra EU-28,Total,Total,Asylum applicant,Person,4540.00
2015M09,Switzerland,Extra EU-28,Total,Total,First time applicant,Person,4410.00
2015M09,Switzerland,Syria,Total,Total,Asylum applicant,Person,910.00
2015M09,Switzerland,Syria,Total,Total,First time applicant,Person,905.00
2015M09,Total,Extra EU-28,Total,Total,Asylum applicant,Person,96130.00
2015M09,Total,Extra EU-28,Total,Total,First time applicant,Person,85775.00
2015M09,Total,Syria,Total,Total,Asylum applicant,Person,33460.00
2015M09,Total,Syria,Total,Total,First time applicant,Person,31195.00
